video,si,ti,e,h,mvResMean,mvResStd,mvResMin,mvResMax,pixVarMean,pixVarStd,pixVarMin,pixVarMax,kpsnr,kssim,kvmaf,kpsnr_trans,kssim_trans,kvmaf_trans
AncientThought_s000,4.93421,13.2903,4.8583,3.4905,24366.275,3875.307581,14793,31310,4149.189365,2203.163251,2.361801854,7406.923372,154806.4163,3294.423706,287361.9898,44.74434495,33.54819071,58.80192636
AncientThought_s001,5.01841,4.51282,4.4917,2.013,19699.375,4857.102828,16939,70427,1393.611897,625.8541725,530.6022191,2788.161676,160002.6793,3305.175582,280709.6038,48.75208928,34.09725222,57.01987538
AncientThought_s002,18.0281,3.19386,11.6,2.7683,22704.3,6062.738344,14023,60001,1853.812244,728.5288382,579.7705363,2817.551407,157026.0002,3307.017778,301823.9476,46.4562531,34.19132685,62.67601695
AncientThought_s003,45.1816,2.32865,25.625,3.3057,137779.7917,264122.2617,30259,2256621,2986.346351,380.9776166,2436.160761,3572.352186,143466.7404,3298.674702,292440.2353,35.99834388,33.76527453,60.16229425
AncientThought_s004,21.4646,1.51187,12.9667,3.0876,38455.475,222013.6038,954,2456204,1339.693861,1430.79534,1.968450384,3688.397601,161930.1597,3323.215414,304688.1693,50.23870548,35.01848464,63.44328887
AncientThought_s005,8.89555,3.8997,4.6083,3.8818,12238.48333,4674.409303,7460,60907,460.016059,187.8011757,84.94685131,724.1739304,173476.4006,3331.79193,319814.8378,59.14402487,35.45645794,67.49544313
AncientThought_s006,11.0208,4.04023,6,3.9819,16201.6,25532.49316,13134,294696,780.4868932,20.56570782,725.0334307,797.9842664,171532.9537,3329.735138,321081.1772,57.64509417,35.35142461,67.83467202
AncientThought_s007,10.0273,2.47309,5.7833,3.1267,15284.93333,22361.75238,11724,259117,735.5085936,32.04873194,686.8442554,787.6361496,171857.7538,3329.906822,319606.0536,57.89560415,35.36019193,67.43951373
AncientThought_s008,8.29509,3.2707,6.175,3.1214,20960.04167,22699.40983,11496,217253,494.0722155,148.3932344,333.8829048,695.2213556,166904.5455,3321.968114,315930.0617,54.07532163,34.95478927,66.4547836
AncientThought_s009,8.44365,3.11873,9.425,4.0734,51934.66667,29372.08639,17168,247174,2319.98231,1275.991798,409.8957947,3335.346092,148622.443,3243.693217,297740.1132,39.97480497,30.95755843,61.58203336
AncientThought_s010,9.1112,6.37751,6.875,5.8669,31969.225,30829.38055,15255,253028,1438.20703,970.7445024,221.656504,3505.028615,156999.0419,3297.041113,303371.2358,46.43546079,33.68185273,63.09050679
AncientThought_s011,5.45364,4.47137,4.7583,5.031,17114.81667,7679.51934,11769,79966,212.7015497,27.21795505,162.3258265,313.6676316,166042.8357,3321.186568,304862.3535,53.410707,34.9148784,63.48994961
AncientThought_s012,10.8343,2.60771,6.65,4.0445,22748.93333,39219.70875,14262,446910,706.2311717,400.9180994,221.3620819,1047.056701,166821.4167,3323.368554,311440.3035,54.01120655,35.02630494,65.25206055
AncientThought_s013,11.6624,7.21843,6.9833,4.4232,27713.06667,45101.2066,15856,474673,1307.358548,212.2125512,1025.768148,1600.929831,162901.5493,3319.466505,316146.8068,50.98791335,34.82704069,66.51284559
AncientThought_s014,8.29821,9.03457,5.9917,5.3393,22162.43333,23819.64515,14294,274066,1203.782724,158.772195,694.3501642,1409.611997,165621.8991,3321.904605,315431.362,53.08604937,34.9515461,66.32119119
AncientThought_s015,7.94334,9.39928,6.2417,6.1864,22846.85,19513.14077,17599,189363,1449.074611,316.0664305,1046.002338,2343.632724,165230.5877,3320.611821,312653.8403,52.78424091,34.88552802,65.57714457
AncientThought_s016,11.3496,5.95885,7.0917,5.2558,25580.86667,32479.64514,17765,291637,1498.050332,805.7867621,898.7326015,2794.554032,165106.4781,3321.837488,312814.415,52.68851838,34.94811866,65.62015955
AncientThought_s017,10.1888,6.88552,7.0333,5.092,27747.45,26003.78964,19920,285606,1322.811989,531.5563716,974.0284015,2642.659401,163664.4807,3319.197538,309147.7671,51.57634274,34.81330544,64.63793252
AncientThought_s018,8.13862,8.27256,8.025,4.8051,32675.325,8321.361211,25227,114382,1376.064342,763.2251864,276.52267,2614.648443,156735.8119,3302.074478,291152.9121,46.23243826,33.93888942,59.81744422
AncientThought_s019,8.0651,2.55798,6.2167,4.4213,24828.875,26797.60188,11733,239815,614.2352519,363.139558,233.5387473,969.4960668,164749.9471,3319.874459,307393.4005,52.41353513,34.84787351,64.16797019
AncientThought_s020,10.4865,2.88577,8.6667,4.1738,29035.825,17083.79388,24024,213863,239.7979171,2.709739436,235.4171725,246.4291586,159888.0458,3309.99549,297772.1818,48.66367543,34.34338839,61.59062394
AncientThought_s021,9.62826,6.01448,7.3417,4.275,34099.375,35531.91866,20903,355525,2383.235903,1691.066691,236.5079954,4705.042401,156525.1998,3298.51271,298390.9154,46.0699986,33.75700216,61.75637123
AncientThought_s022,4.27445,2.98993,6.325,2.7527,29476.2,6740.785155,21407,84617,2304.997965,1867.131324,160.7757341,4274.374173,154629.4125,3286.738788,276383.6263,44.60782646,33.15574829,55.86102616
AncientThought_s023,5.61096,3.46706,6.5,4.5387,28510.275,11574.58918,17491,134004,211.5389458,167.2951329,58.9582116,1139.175755,160799.5745,3308.503141,304314.3891,49.36671415,34.26717921,63.34316009
AncientThought_s024,7.2722,6.84138,5.2,4.7389,23526.84167,17198.77877,13616,141538,1127.608751,193.4012643,753.1254485,1670.894216,164765.9884,3321.061448,309318.3049,52.42590743,34.90848895,64.68361644
AncientThought_s025,5.73479,8.69526,5.5833,5.479,32723.5,14413.53619,16480,165207,1036.658582,79.24468932,817.9434453,1238.621978,160858.9855,3313.831902,299088.4183,49.41253629,34.53930083,61.94321931
AncientThought_s026,5.62362,5.72347,6.0167,3.5542,24994.625,9595.394646,17565,91001,1038.417177,211.2936154,782.6172247,1791.87617,162623.9046,3316.10926,305856.5578,50.77377309,34.65559766,63.7562785
AncientThought_s027,6.11623,1.35748,3.1667,3.5873,10702.13333,12418.74921,4777,104862,360.6417937,355.6199634,132.089569,1063.191554,175244.2551,3333.226036,320170.6131,60.50752572,35.5296928,67.59074877
AncientThought_s028,5.02611,3.80015,2.8333,4.6207,11839.94167,5880.161495,6111,65876,61.32176549,47.43082951,32.8970467,342.2407682,174828.1257,3332.942295,315365.5204,60.18657578,35.51520312,66.30355343
Basketball_s000,19.2339,15.7292,15.3,12.5943,115972.1833,72028.2754,63892,793777,1583.227179,64.91492045,1241.893427,1676.565439,141843.7411,3241.157858,275517.5366,34.74656612,30.82808633,55.62901676
Basketball_s001,20.6661,9.28022,16.2417,8.4513,85910.8,90123.65446,58797,1051690,1602.456779,19.4327583,1560.691686,1644.302853,145817.0536,3258.365998,285354.8771,37.81108013,31.70684707,58.26425804
Beauty_s000,14.0742,14.5094,59.9,17.4884,761477.5583,26505.8152,714542,954464,1775.27188,83.98973546,1563.444921,1955.24748,117331.1715,2637.534871,174501.7779,15.84065005,0.003128086,28.56876636
Bosohorus_s000,16.5791,10.3443,26.7667,16.0829,240578.475,71667.10147,223686,1020289,815.5787191,37.48550582,737.7219911,864.2166967,129106.1079,3127.255956,204815.2185,24.92235641,25.01150637,36.68917552
BundNightScape_s000,48.8736,7.40531,54.95,12.2532,325219.6917,363138.7165,189177,4202553,1473.520797,18.74025779,1438.452355,1517.911987,134694.5402,3193.563245,297624.251,29.23257087,28.39759246,61.55099603
BundNightScape_s001,48.8005,7.16905,54.8167,11.609,313325.675,361157.4221,190331,4188123,1471.424126,15.182459,1444.542087,1509.359272,135237.7632,3196.1873,298936.3476,29.65154488,28.53159395,61.90248239
Bunny_s000,22.6192,6.11498,22.4,4.7025,56691.50833,106858.4652,11687,1169272,2143.780216,78.44409918,2012.655101,2314.175709,146350.8435,3271.391122,286706.3454,38.22277858,32.37199556,58.62629136
Bunny_s001,24.1567,7.62572,23.6417,6.0971,84115.85833,120320.9896,15549,1316749,2123.187343,51.57268625,2033.820287,2203.860023,143880.2074,3264.039803,281213.5907,36.31724035,31.99658885,57.15488414
Busy_City_s000,18.3076,16.9664,9.3417,12.2843,79504.175,36133.13742,0,152648,1580.674819,629.2038071,0,2155.285053,150364.9196,3293.117195,271327.8351,41.31873251,33.4814717,54.50667334
Busy_City_s001,25.7398,11.7662,18.7083,10.0884,94859.35,98851.22686,45381,1136428,1689.315291,204.9262213,1265.906821,2044.60951,139630.6365,3247.597536,242255.4263,33.03965533,31.15693863,46.71871361
Busy_City_s002,32.4491,6.54991,27.05,5.2378,74052.11667,219268.6851,30377,2451414,1599.984483,59.7741011,1319.257494,1704.232722,144037.9234,3269.058668,275964.4442,36.43888261,32.25288514,55.74873503
Busy_City_s003,21.3778,1.73425,11.6083,2.0847,25357.18333,128403.4701,6131,1417295,1714.040598,184.8220997,1226.598594,1809.302688,164460.5272,3323.198809,305126.5404,52.19031305,35.01763668,63.56072038
Busy_City_s004,20.7021,2.54971,10.9417,2.5681,24358.95833,92340.12127,9748,1026720,1783.773701,14.40915958,1754.568004,1811.546486,161474.5931,3319.32509,294146.8289,49.88733868,34.81981912,60.61945907
Busy_City_s005,19.2588,4.84364,11.7667,4.4154,37777.00833,102223.4361,8281,1142110,1210.778676,323.3610288,917.4856182,1790.210515,155405.955,3304.213285,277973.1476,45.20675381,34.04811097,56.28682946
Busy_City_s006,18.3489,6.45377,11.3667,4.9125,40770.00833,74858.5448,20167,845857,1061.634298,10.00393035,1034.372096,1084.3297,157482.6999,3309.530986,282929.3961,46.80849387,34.31966776,57.61451664
Busy_City_s007,18.2893,18.2658,6.6833,5.5916,32044.65833,70316.49135,3438,767493,1639.351557,861.7467116,712.3096434,3381.909005,166970.7753,3327.84659,312425.4466,54.12640299,35.25498291,65.51596213
Busy_City_s008,18.2696,11.8711,10.2917,6.8422,42237.63333,71716.58853,6350,793593,1163.490753,796.2384786,744.9460094,3379.989382,156428.2595,3305.799708,283533.6122,45.99523102,34.1291242,57.77637492
Busy_City_s009,16.2014,5.29122,7.875,4.6502,35377.30833,64854.57933,22408,738627,921.5222869,108.741335,680.0242675,1044.682432,160402.0295,3318.140722,289704.5658,49.06009787,34.7593375,59.42945909
Busy_City_s010,18.6256,5.1314,8.1083,3.9833,34715.96667,51129.7653,20388,581014,1049.747103,31.49541309,969.4577472,1100.470708,165885.8054,3328.114602,303738.561,53.28959355,35.26866939,63.1889064
Busy_City_s011,18.2645,5.60412,7.825,4.4393,35525.35833,63477.66301,15200,717302,1020.904263,28.47206457,963.8700151,1072.736185,166280.4161,3328.321655,304480.056,53.59394661,35.27924285,63.38753917
Busy_City_s012,25.8375,5.67655,17.825,4.778,35208.89167,53886.76313,9070,611218,1380.056373,370.6589421,813.2089223,1781.132873,153906.4533,3301.529596,288362.5477,44.05022654,33.9110642,59.06995729
Busy_City_s013,31.6243,5.6595,23.7833,5.8361,59940.44167,186488.7788,23345,2080519,1753.151093,38.19564964,1724.160751,1891.278544,154414.586,3304.424905,301186.5765,44.44213633,34.05891767,62.50527702
Busy_City_s014,25.504,15.6519,15.5667,15.6548,98051.98333,177001.6718,53725,1997085,1389.504655,758.2474664,811.1539939,3313.638623,142264.6123,3273.447544,262041.1595,35.07117326,32.47700996,52.01894499
Busy_City_s015,21.8409,16.7378,11.4667,13.7387,81525.43333,98271.41013,45991,1105083,1190.361254,710.9789841,621.9694845,3179.920901,144661.2007,3282.45095,263860.8002,36.91960047,32.9367831,52.50639302
Busy_City_s016,21.4792,8.56842,12.4167,8.5454,53378.84167,63264.53027,27291,728140,941.0235336,429.2840031,562.2748491,1697.065816,145134.735,3278.243348,260747.257,37.28482528,32.72191528,51.67233249
Busy_City_s017,20.6739,7.93124,6.1667,3.8397,23116.95833,73398.14688,8142,817443,2126.105168,171.0810458,1455.821622,2383.363138,168526.3016,3329.380064,311777.059,55.32614047,35.3332922,65.34227111
Busy_City_s018,28.7125,7.9396,18.8083,6.661,53579.31667,88145.89863,9360,971062,2164.300503,249.7362524,1613.410013,2703.745315,147554.2069,3287.461734,279546.7636,39.15090187,33.19266669,56.70837204
Busy_City_s019,41.5544,6.10839,34.8917,6.3828,87564.65,311034.3994,32319,3459132,2231.602179,30.42059821,2182.074593,2279.467432,143854.559,3279.082044,291587.8324,36.29745838,32.76474458,59.93395131
Busy_City_s020,34.338,11.567,24.6083,13.6677,130943.625,314657.5954,61170,3537449,1970.232888,388.1783513,1454.039643,2576.512801,138515.6515,3254.818168,269113.9918,32.17969597,31.52567158,53.91362576
Busy_City_s021,32.7794,6.8029,24.9083,8.7228,91115,134998.5349,18776,1383480,1907.845937,319.3845478,1455.843164,2398.65119,141190.6177,3260.952614,266925.0084,34.24282884,31.83893672,53.32723765
Busy_City_s022,29.2655,3.13662,20.8333,2.5819,39912.95833,160908.1001,16954,1787116,2118.343482,3.969147457,2107.021654,2122.761752,158464.8817,3313.327662,302127.0706,47.56602548,34.51355099,62.75721799
Busy_City_s023,28.2769,2.98301,18.6583,2.9089,34264.31667,167808.5573,7707,1853781,1606.791758,191.4139927,1302.743296,2126.089886,156330.3818,3304.787426,298408.6438,45.91974044,34.07743042,61.76112033
Busy_City_s024,29.9242,3.91873,18.9333,2.3901,31195.81667,167110.818,9005,1846152,1595.43799,15.59594914,1559.022188,1622.105556,165248.9338,3323.322909,315381.7896,52.7983908,35.023974,66.30791166
Characters_s000,54.0647,32.6213,45.4167,36.875,172815.6167,620887.9807,59586,6938355,973.7527401,43.23270571,856.7891824,1013.014955,154400.7588,3306.435094,334747.3408,44.43147171,34.16157115,71.49558407
Characters_s001,46.8086,27.6484,37.3,26.2411,131945.725,527581.54,43654,5883154,751.204314,53.5638665,663.6822686,854.7141269,152381.811,3294.190394,334538.486,42.87430911,33.53627626,71.43963574
Childs_Play_s000,32.5739,4.30521,43.7917,7.5541,94167.025,120055.2082,0,756866,1405.505257,559.7574962,0,1775.547818,142087.8381,3265.995387,273849.5778,34.9348319,32.09645384,55.18220151
Childs_Play_s001,28.8975,3.98623,26.3417,6.1078,96126.00833,346646.7246,9943,3717834,1741.765458,117.1729737,1495.423904,1841.485489,148618.5044,3286.324667,276977.7332,39.97176726,33.13460052,56.02017639
Childs_Play_s002,26.2859,3.9738,17.2083,4.1771,41826.10833,130345.607,7344,1451727,1746.845582,103.3328138,1533.199461,1836.413663,156143.3309,3306.974179,289159.1039,45.7754729,34.18910039,59.28333994
Childs_Play_s003,27.7973,10.4848,22.4167,11.0221,82373.8,163078.7031,40563,1856471,1638.162632,85.30665509,1379.693343,1712.741941,149546.4629,3291.321056,290213.91,40.68747783,33.38974902,59.56590296
Childs_Play_s004,19.9492,1.10352,11.0417,1.3305,16778.88333,75489.02397,2995,830146,1663.773726,62.83292881,1392.233875,1684.14033,168932.6047,3327.602214,305130.3269,55.6395117,35.24250349,63.56173471
Childs_Play_s005,19.8971,3.47611,10.975,2.1768,25402.68333,74400.88735,7480,831866,1678.130536,34.3117951,1574.070497,1719.362304,166928.3305,3324.989761,302145.0933,54.09366642,35.10909442,62.76204593
Childs_Play_s006,21.2154,2.02888,16.1583,3.1966,26494.09167,71504.88956,13690,805680,1889.924132,37.98698509,1690.256606,1941.523158,154716.9381,3292.323621,285206.7253,44.67533271,33.44094659,58.22457093
Childs_Play_s007,22.5966,2.1048,16.6583,3.0321,33058.04167,104415.3164,10993,1169190,1803.413152,114.7997926,1572.231077,1916.855234,154867.7587,3294.312382,283915.8485,44.79165678,33.5425058,57.87876895
Childs_Play_s008,25.2435,1.82007,16.175,1.9556,37018.51667,125927.8305,14756,1410150,1712.873734,5.72196153,1703.901465,1731.971195,164313.3449,3319.929952,306167.6297,52.07679506,34.85070731,63.83960892
Childs_Play_s009,23.2676,5.35562,14.0333,4.2021,48079.65,126329.3903,17950,1420018,1653.354008,94.83938113,1415.413362,1718.31711,157570.9957,3305.915741,287687.7658,46.87659415,34.13504957,58.88919573
Childs_Play_s010,20.0896,11.3776,9.1583,7.69,59635.775,79719.34394,36548,924152,1663.932877,17.64025125,1637.318909,1713.722826,156690.0378,3308.887509,278050.414,46.19713387,34.28680761,56.3075277
Childs_Play_s011,20.5581,8.94209,9.9167,6.5313,41804.44167,81949.99042,17127,924984,1666.579271,16.61431356,1639.767427,1714.522164,159353.2801,3314.261948,286388.8431,48.25122437,34.5612618,58.5412384
Childs_Play_s012,20.6477,1.65305,9.9583,1.8795,21433.45833,94506.10773,4283,1048829,2423.888328,581.3442218,1551.521926,2903.987154,169820.5343,3329.308085,299188.6707,56.32434899,35.32961646,61.97007508
Childs_Play_s013,21.6254,3.38059,12.3667,2.9565,37602.15,91092.66596,5274,989438,2407.215483,562.4960924,1527.729767,2905.202926,160003.7103,3310.953067,280106.8064,48.75288448,34.39228855,56.85839713
Childs_Play_s014,24.7925,9.00207,17.9667,5.671,67264.93333,121509.5188,36265,1388030,1817.770342,13.54035245,1795.184477,1865.105611,151547.4601,3283.542353,269452.1273,42.23079563,32.99251731,54.00420597
Childs_Play_s015,25.0003,6.02037,18.2167,3.6344,49920.758,118356.236,14524,1330726,1796.185,11.96572051,1782.668629,1832.78491,155352.0999,3298.110193,282850.3969,45.16521671,33.73644696,57.59335422
Childs_Play_s016,27.9229,4.55198,18.1167,3.4503,41856.95,123447.023,18748,1386230,2448.070796,472.023091,1788.030375,2863.825743,150594.4571,3283.975386,273219.0564,41.49576887,33.01463082,55.01329651
Childs_Play_s017,30.2154,1.33038,18.0667,1.4266,42680.791,168846.21,20122,1884211,2830.483118,1.264604985,2827.667235,2832.433089,155941.441,3305.879045,290633.0152,45.6197604,34.13317565,59.67817346
Childs_Play_s018,30.1994,1.01936,18,1.2981,38898.925,167517.128,18651,1866074,2826.477628,0.939768555,2824.053939,2828.257869,156495.5121,3307.487987,291179.8568,46.04710125,34.2153388,59.82466222
CityAlley_s000,31.1067,5.42061,42,7.0761,229915.975,140363.2835,197229,1756709,2750.852227,144.5488582,2549.856181,3012.882267,141752.518,3196.237749,317026.1933,34.67620809,28.53417023,66.74841695
CityAlley_s001,32.6291,5.55857,41.3417,7.1015,220883.7917,140871.6129,191517,1753096,3337.009195,183.6455405,3017.433479,3622.642825,142012.2256,3199.002454,317509.1289,34.8765139,28.67535425,66.87778645
Construction_s000,30.0044,4.86946,59,7.0709,121496.0833,252305.7495,67666,2869098,960.9632468,0.979551698,959.0358192,963.8418052,144330.311,3272.257719,309837.4683,36.66439368,32.41624968,64.8226907
Construction_s001,30.2045,5.37472,59,7.2185,135642.925,292325.6439,71442,3318764,952.3613202,6.295661655,930.5948685,960.7060811,143097.8201,3270.182705,317107.0064,35.71380507,32.31028584,66.77006528
ConstructionField_s000,32.2073,12.3263,35.5583,16.7312,407552.8167,199481.9592,359073,2576349,1785.329181,30.64726689,1742.024095,1819.238393,133404.4495,3135.880006,295050.1915,28.23755702,25.45190704,60.86145317
ConstructionField_s001,34.9461,15.6519,39.6917,20.319,404437.1167,197606.4366,356743,2551248,1801.799653,11.46562649,1770.044172,1816.785488,133219.1505,3134.24592,295061.5946,28.09464067,25.36845989,60.86450785
Crowd_s000,34.2837,11.7946,33.775,15.0417,163755.5917,226560.5218,76333,2603644,1769.67974,8.306655108,1752.216048,1785.636712,127779.5347,3166.561463,226527.2818,23.89920456,27.01870396,42.50543506
Crowd_s001,33.2426,10.75,32.4333,12.7871,148513.4417,235470.5207,98185,2694258,1734.156037,26.25690973,1686.474232,1777.993786,130322.8941,3183.872056,234541.8542,25.86083244,27.90269666,44.65239053
Dolls_s000,16.6004,8.994,20.4,8.7179,100276.7583,78488.19777,69581,932814,2046.403897,79.84474501,1902.520468,2174.200797,139559.2509,3217.95818,263452.8566,32.98459745,29.64335824,52.39711249
Dolls_s001,17.1819,14.5449,19.4083,13.5946,153438.4917,94961.03531,75840,1045975,2586.553391,313.9930475,2048.619201,3082.143837,135034.4251,3199.929992,241310.1964,29.49471536,28.72272045,46.46550404
Eldorado_s001,27.6226,6.35168,22.45,7.7836,129388.7333,387027.8529,40367,4253614,3239.146244,481.8109005,2824.139745,3968.119074,143605.9603,3275.443464,279222.7628,36.1057206,32.57893479,56.62157823
Eldorado_s002,34.8026,3.28015,31.0583,6.1072,155278.8417,407705.9447,56798,4526311,2632.199479,1400.628961,901.797233,3951.66482,141613.3036,3260.371896,284301.0063,34.56883561,31.80928145,57.98194558
Eldorado_s003,38.8134,17.7793,49.4417,25.3103,375429.3583,555998.8103,56499,5973003,1508.797322,122.102265,1277.943369,1819.401754,124144.3089,3187.186398,277712.3259,21.09544815,28.07194876,56.21696018
Eldorado_s004,58.5047,22.0686,85.2083,27.5187,650666.2417,659483.8492,316057,7723648,2085.309692,118.679075,1833.853081,2215.566117,113939.2753,3052.395315,267015.2606,13.22456753,21.18862988,53.35141455
Eldorado_s005,55.4637,3.40129,100.375,9.2266,412619.5417,1108819.613,196178,9617071,1616.657444,171.8063624,1525.081928,2216.030346,119704.8681,3113.654432,265593.003,17.67142135,24.31692312,52.97041808
Eldorado_s006,48.0681,4.40633,83.4417,10.4996,308996.4083,907947.5468,74664,10172647,1975.806453,364.4278532,1779.160269,2667.346712,126155.5141,3179.498243,277326.2823,22.64663913,27.67934101,56.11354624
Eldorado_s007,10.2709,6.93098,14.425,6.3716,81221.775,36784.27163,74078,481142,2728.838602,151.2877706,2613.190783,3106.195215,142339.8501,3240.901573,246588.0076,35.12920224,30.81499875,47.87933189
Eldorado_s008,11.3488,9.33052,15.2833,7.5488,100119.3417,40932.88318,82144,528914,2807.190936,282.4356433,2089.955435,3092.85793,138443.3011,3217.076365,235321.6311,32.12389402,29.59832696,44.86127833
Eldorado_s009,10.3548,13.0604,14.35,8.6934,100919.6917,23265.70729,73648,317309,2976.595712,288.9333479,2453.995872,3394.799802,135858.4,3208.529573,226883.3115,30.13022605,29.16187157,42.60080882
Eldorado_s010,34.4035,15.9688,47.5583,22.5972,329307.4917,180942.3866,0,613799,2068.866964,282.979313,1405.01712,2613.763391,114277.3037,2945.124758,179576.3705,13.48528016,15.71068996,29.92815572
Eldorado_s011,39.8074,19.0843,60.8917,28.4841,903527.15,543059.7576,0,4182745,2284.969745,340.2841722,1789.179241,2919.91038,104115.308,2714.382212,139939.0748,5.647593617,3.92745857,19.31005848
Eldorado_s012,48.4083,11.121,60.575,18.9295,1073360.25,831886.8027,0,5094999,3257.425243,255.0178973,2935.481303,3711.500762,103212.4018,2814.520748,131290.8123,4.951205224,9.041190548,16.99334917
Eldorado_s013,37.4185,14.1733,37.4667,23.6811,563273.8167,484849.4434,70616,3627420,3025.738984,644.3395356,1521.247549,3627.66907,111125.0281,3027.075086,163335.1006,11.05401087,19.89561251,25.57742037
Eldorado_s014,21.8987,16.3152,28.9083,33.0319,553983.9583,325834.5725,345764,3494130,2052.63989,1065.641257,1218.693968,3622.744396,111689.7176,2953.132799,112994.2217,11.48954136,16.11963319,12.0920315
Eldorado_s015,18.1429,14.0394,23.95,34.2602,471032.0583,36744.85727,403333,771195,1517.195204,123.9168849,1397.02156,1890.713169,116530.7943,2978.05585,101689.4781,15.22333967,17.39236805,9.063700102
Eldorado_s016,21.5666,13.834,27.225,34.3115,476725.0667,316263.6037,375472,3894504,1878.282698,904.1195112,1257.595494,3883.560082,115517.2181,2978.495694,101082.3791,14.44159436,17.41482938,8.901069535
Eldorado_s017,43.1053,7.30249,48.725,14.9092,493733.1083,366685.1746,425696,4489167,3857.468376,59.81095205,3746.095836,3935.700743,118385.3071,3071.14142,205072.0906,16.65367783,22.14592923,36.75798681
Eldorado_s018,30.9621,9.57236,35.9583,14.5351,331748.8083,402962.7836,127839,4367134,3280.71161,702.1388422,2331.228262,3959.70792,125605.8364,3123.917066,219626.0412,22.22268684,24.84100069,40.65672055
Eldorado_s019,27.8145,12.469,27.8083,13.2198,169085.5583,83056.68375,123545,1005671,3266.423022,71.35220886,2997.626843,3360.450994,140812.3263,3225.382553,299528.197,33.95106232,30.02249555,62.06102789
Eldorado_s020,17.5612,2.87196,18.1583,5.4785,100243.4917,268328.7268,0,2883027,1626.016977,901.7541452,1054.955739,3372.354737,146160.0985,3262.892265,276377.5747,38.07566189,31.93798806,55.85940505
Eldorado_s021,27.1819,2.14625,31.0417,4.2268,89694.375,152669.1438,0,1648155,1342.276687,97.38651013,1262.732549,1628.145372,146930.2377,3276.325642,297220.4643,38.66965048,32.62398459,61.44282906
Eldorado_s022,24.1177,1.73868,28.4417,3.4597,80541.45833,125017.3566,55054,1440194,1711.874254,34.22062608,1637.240551,1760.765443,149388.4915,3282.194138,302400.2585,40.56563856,32.92366856,62.83039996
Eldorado_s023,19.9672,10.2563,28.275,16.2259,149692.4333,225302.2419,52946,2259313,1320.349653,228.2645056,971.7424473,1653.181115,133824.8539,3167.222892,257001.6529,28.56180416,27.0524809,50.66895454
Eldorado_s024,28.3589,20.4182,37.5,35.0469,276446.825,86595.2868,181687,1026981,1341.40116,188.7546553,944.9764992,1786.838206,119813.6774,2990.170084,217415.1552,17.75534318,18.01100045,40.06446515
Eldorado_s025,32.1871,19.3036,44.9583,33.5665,528328.575,311608.1966,256642,2791710,1308.85213,113.7628769,1116.046334,1497.492423,108122.6216,2778.314607,134967.9657,8.738331795,7.192266974,17.97839045
Eldorado_s026,24.2655,16.1879,40.4417,24.1716,341665.4583,275714.7992,216252,2413683,925.0369379,49.9024342,840.7478563,1167.559863,112408.3766,2829.03408,145804.6006,12.04382467,9.782336705,20.88132418
Eldorado_s027,21.5939,15.1735,34.725,22.2576,261271.425,133116.3945,185282,1636075,901.9928448,43.75005918,835.6336908,970.1720003,118379.2687,2948.265015,171760.4532,16.64902055,15.87105213,27.83441625
Eldorado_s028,24.3922,15.1568,37.0833,20.432,297093.6167,136467.7367,244988,1766567,756.2408333,31.50960025,700.1688229,842.1718496,116754.0416,2925.749697,166421.9708,15.39552459,14.72127197,26.40433571
Eldorado_s029,41.7106,21.2881,52.55,31.1111,484039.05,533548.4791,200609,5814146,936.4050949,100.6743797,734.1638118,1115.010897,116704.6044,3051.927339,216674.8548,15.35739491,21.16473194,39.8661524
Eldorado_s030,56.5509,13.1776,73.9917,19.1079,517986.225,796360.7592,158334,7174360,1416.605513,369.1995223,867.036823,1707.115447,116107.714,3084.548684,234909.257,14.89702864,22.8305923,44.75081095
Eldorado_s031,52.9428,12.1122,73.175,16.0255,407597.8583,532254.4458,347475,6212204,1771.583661,37.05904023,1708.995163,1833.486824,119542.9963,3108.610614,248422.9294,17.54657374,24.05935262,48.37087344
Eldorado_s032,54.6961,9.80965,76.025,14.0631,469655.7333,543758.4825,363088,6394675,1871.537729,18.9516409,1835.116263,1900.976224,119561.1995,3115.984656,246766.3484,17.56061345,24.43591967,47.92710608
Eldorado_s033,44.7519,4.38051,62.3583,10.2629,375695.775,600864.2795,17069,6644263,1366.204733,714.9513522,20.8275111,1923.075685,125023.8304,3170.999276,249665.7992,21.77380052,27.24532788,48.70381523
Eldorado_s034,70.5166,0.334728,33.375,2.0236,3781.375,7640.443473,0,63639,943.9289037,464.7605073,0,1224.143454,201131.9515,3347.235857,325033.8675,80.4740418,36.24512638,68.89352452
FlowerFocus_s000,9.76624,8.7226,33.4917,10.4434,260101.2333,10077.82282,247516,357253,976.2101643,19.56521336,939.651792,1016.014086,135610.2964,3086.674113,270652.7497,29.93887016,22.93913064,54.32583049
FlowerFocus_s001,8.86319,10.1632,30.725,10.4309,230028.325,21652.81555,197061,377887,904.0984459,129.2939529,627.061169,1036.005189,136853.8496,3110.139304,268377.5896,30.89799085,24.1374176,53.71635724
FlowerKids_s000,30.4972,18.7077,41.6333,32.5731,338459,172330.7314,231862,2110160,4535.366521,219.5319836,4242.868697,4946.052898,123533.8112,3102.454338,226249.5347,20.62458689,23.74497271,42.43103176
FlowerKids_s001,29.585,18.7122,41.4417,31.8086,384019.9083,175896.5387,279623,2171423,4375.420459,945.1870105,2439.775842,5885.82449,121295.8805,3077.399424,209003.9996,18.89852838,22.46550406,37.81127239
Flowers_s000,13.8874,12.6769,12.6917,13.3205,63186.11667,54226.76486,38879,631120,850.8201281,60.9804629,623.8808654,902.0526572,139506.1407,3254.921509,244991.7646,32.94363494,31.53094886,47.45172794
Flowers_s001,11.6971,16.4733,11.3083,14.732,91409.55,61428.86275,40319,549128,817.7891205,102.9743554,506.5257345,953.4985946,133611.5663,3225.524819,215910.9434,28.39730088,30.02976057,39.66151468
Fountains_s000,43.2449,11.7996,60.7667,23.7301,1572352.567,181461.5567,1452838,3284585,2117.595068,14.907763,2095.211477,2155.599646,106241.2835,2822.87446,106427.7249,7.287303956,9.467786018,10.33298865
Fountains_s001,43.5098,11.715,61.0583,23.307,1559014.917,176363.4887,1463859,3225996,2215.478265,33.75548126,2154.603504,2270.282821,106374.2979,2826.654339,109697.471,7.389894573,9.660811487,11.20889306
Fun_on_the_river_s000,26.868,4.89632,23.2583,6.7718,111995.1,34385.06022,0,170572,1543.359386,617.8648426,0,1889.675152,174759.3634,4071.45618,311336.2467,60.13354116,73.22857744,65.22418565
Fun_on_the_river_s002,19.4174,9.83799,18.4,25.1461,233115.8667,100331.4033,151026,1288761,1078.152234,209.8278393,930.3086881,2009.654084,125234.2152,3137.393628,123970.4072,21.93606494,25.52920252,15.03234827
Fun_on_the_river_s003,19.7092,10.1263,18.7417,26.1277,237672.2917,70074.21226,196411,974854,1070.700551,64.80042544,937.9260873,1196.433031,125593.6328,3145.191607,133123.8854,22.21327451,25.92741862,17.48439549
Fun_on_the_river_s004,26.2356,10.2037,26.675,24.0976,465754.725,151376.6771,177716,932753,1383.474269,274.4096476,843.2978744,1621.383961,117753.1211,3072.591127,105904.0166,16.16608896,22.21996082,10.19269689
Fun_on_the_river_s005,30.0923,12.6473,31.6417,30.7935,606665.2,116903.835,529590,1834633,1771.164226,104.9798173,1569.929253,1942.159303,113152.3055,3016.124773,92628.08966,12.6175979,19.33641754,6.636322008
Fun_on_the_river_s006,28.1464,15.8009,31.0167,41.3912,595067.475,152351.8065,457350,2149450,1915.576169,127.6401351,1617.984464,2040.044015,111905.3902,2990.851123,83777.444,11.65588411,18.04577882,4.265397998
Fun_on_the_river_s007,23.7185,12.0242,25.6333,28.8211,364393.8917,137824.0871,230848,1615121,1420.838318,133.2856113,1114.882679,1631.464559,118297.9492,3058.592474,112312.4809,16.58630088,21.50509754,11.90940576
Fun_on_the_river_s008,24.0546,10.7831,26.4667,28.1296,360045.8583,97387.47865,320519,1400235,1495.876591,25.09583179,1458.075421,1549.188721,119312.3615,3066.107359,120700.0608,17.36869111,21.88885697,14.15628304
Fun_on_the_river_s010,22.2452,15.6573,20.0167,61.7187,509554.4667,82365.72712,408196,913105,1052.419558,204.1706679,809.2157053,1427.265607,116645.7133,3083.131972,67854.73788,15.31197376,22.75824565,0
Fun_on_the_river_s011,23.1969,12.8471,24.2667,40.5659,461259.1333,183617.7095,202107,1443879,1423.090392,106.2854026,1168.238264,1560.548064,115243.2636,3036.67285,75529.96968,14.23030024,20.38573745,2.056052414
Fun_on_the_river_s012,24.4633,9.2532,26.4167,18.6038,289751.1667,105019.3615,262215,1428581,1560.291645,17.71311707,1525.081322,1598.23486,121900.9089,3102.130751,139355.8423,19.36517129,23.72844821,19.15382131
Fun_on_the_river_s013,23.2301,9.63219,25.575,21.8255,289751.1667,105019.3615,262215,1428581,1524.149287,107.567089,1268.146455,1601.966286,121266.6621,3092.456356,127018.924,18.87599298,23.23441002,15.84898943
Fun_on_the_river_s014,21.9975,16.208,21.2667,44.9584,407171.2667,68714.45636,342402,981251,1828.143462,93.84036387,1583.061467,2016.325578,116434.2188,3063.71254,102577.7169,15.14885342,21.76656179,9.301642824
Fun_on_the_river_s015,21.5881,13.3347,20.9583,36.0785,348728.8833,121854.4581,215611,1125832,1587.850519,132.8809799,1345.831245,1829.015465,118968.9989,3074.503725,94117.43436,17.10386429,22.31763062,7.035289865
Fun_on_the_river_s017,32.9284,19.1114,29.7583,46.7079,819942.3583,191299.921,512756,2413420,1576.568428,378.8303768,1076.796102,2443.713369,110629.7445,3037.324396,94375.466,10.67201132,20.41900964,7.104411761
Fun_on_the_river_s019,18.8467,13.461,17.65,36.0807,308987.9833,87908.16913,208562,870691,1137.845068,131.1731845,894.4732804,1331.101637,121393.2948,3113.651065,101343.0191,18.97366155,24.3167512,8.97089017
Fun_on_the_river_s020,20.2097,14.0991,20.0167,41.8311,392686.5917,111776.6017,259793,1077467,1178.650397,105.8723228,1022.385151,1380.605938,117799.4639,3073.230652,78169.7407,16.20183201,22.25261913,2.763198166
Fun_on_the_river_s021,20.3707,7.69046,18.3583,17.9185,172891.5083,89751.76121,117724,773547,1227.804346,114.9402288,902.1438428,1349.401687,129534.6687,3171.641612,156100.1627,25.25289437,27.27812977,23.63931454
Fun_on_the_river_s022,22.4915,6.05748,20.175,10.7158,131872.35,97493.59419,113867,1193910,1275.645228,14.73842423,1250.107027,1313.701247,134845.8404,3210.050294,208344.7951,29.34926483,29.2395296,37.63468372
Fun_on_the_river_s023,20.9304,9.22936,20.4667,21.7768,241174.6833,136427.8104,114944,1213287,1303.470641,165.3693611,990.5669711,1532.625458,123895.1703,3123.900547,139036.4933,20.90329392,24.84015713,19.06827363
Fun_on_the_river_s024,21.2982,12.8753,22.775,33.5633,375335.6417,73779.66398,333493,1152539,1460.168517,29.89818534,1394.442823,1509.364734,116375.0905,3041.178293,98596.21524,15.10324932,20.61581496,8.23507229
Fun_on_the_river_s025,21.1763,11.2385,22.85,30.8213,344080.35,83299.7851,209194,1036888,1380.523746,95.73558244,1144.508143,1484.301244,118590.5625,3064.791567,100325.7367,16.81198606,21.821664,8.698379049
Fun_on_the_river_s026,23.8938,11.3518,26.5333,30.405,381561,98227.03263,333775,1434593,1438.37915,25.82001227,1380.887796,1510.034243,118549.5468,3058.916468,113408.2161,16.78035163,21.52164283,12.20293293
Fun_on_the_river_s027,23.7523,10.821,26.4833,28.6854,377434.1333,93340.51522,330310,1370383,1427.628431,24.30985489,1376.609589,1474.303772,118821.6553,3058.614443,111107.8408,16.99022197,21.50621942,11.58670499
Fun_on_the_river_s028,22.9464,10.3434,25.3667,26.9326,346285.525,99204.02465,141746,1312052,1366.586471,196.3302746,462.4643631,1451.867214,120401.0193,3077.995685,116300.9233,18.20834488,22.49595305,12.97783561
HoneyBee_s000,14.1809,4.17102,42.9333,7.9143,365287.9417,44788.02121,356578,853205,635.5501962,1.594242407,629.8553292,640.1028483,133154.2861,3082.569185,276367.3586,28.0446124,22.72950603,55.85666833
Indoor_Soccer_000,17.5414,11.1183,19.2917,11.0682,177114.125,198003.1842,0,1366250,1377.314886,923.4937437,0,2474.701887,134841.1506,3184.694859,274329.1015,29.34564772,27.9447144,55.31065703
Indoor_Soccer_001,49.1536,5.13202,36.8417,7.5414,178617.2667,188201.2551,133592,1605092,2842.5424,946.1852264,1006.992047,3541.115496,134786.6046,3182.17478,288318.1626,29.3035778,27.8160226,59.05806734
Indoor_Soccer_002,21.2497,16.8018,27.0417,15.4827,324080.5,549187.2379,141371,6155892,1762.522498,609.180897,1164.234575,3549.470596,125347.9395,3037.643356,225390.2511,22.02377751,20.43529786,42.20084561
Indoor_Soccer_004,18.1026,18.0831,20.925,14.3326,190114.6833,175689.536,99534,1728109,1826.374838,733.4568933,1057.654928,3061.923329,134594.1895,3187.049598,259512.5328,29.15517296,28.06496285,51.34157276
Indoor_Soccer_005,17.9638,20.7757,16.225,19.3247,121200.6583,83826.59156,84139,814558,2724.883851,509.5405362,1401.804109,3136.574793,138460.6565,3224.631544,273050.4645,32.13727978,29.9841441,54.96813386
Indoor_Soccer_006,17.1156,15.5273,16.425,12.9105,133136.7667,129586.6042,81871,1354860,1569.178484,110.9552377,1419.375482,1741.895426,139070.965,3227.743954,268995.7882,32.60799503,30.14308419,53.88196118
Indoor_Soccer_007,18.6945,21.8464,20.1167,20.9505,236040.4,166385.88,114130,1378434,1402.214397,440.7791223,755.1915462,2142.661297,127423.0495,3131.716021,216796.448,23.62425664,25.2392666,39.89872495
Indoor_Soccer_008,13.62,22.8311,17.9333,18.7166,236555.6,207837.7361,57411,1455945,1635.457533,523.7531234,1010.7732,2349.944837,128453.2037,3137.903368,233532.7337,24.41878816,25.5552332,44.38206584
Indoor_Soccer_009,16.3214,17.4316,16.175,13.1248,156520.9,98227.91793,39656,1017112,2479.699576,718.7136751,1256.954828,3260.675515,137777.9843,3216.019163,264003.6177,31.6107522,29.54433929,52.54465121
Indoor_Soccer_010,27.8962,8.52796,38.8,10.1145,324863.9167,254236.3138,134323,2342141,1567.241247,491.0583015,1022.634363,3248.303336,125273.2558,3042.770238,246415.846,21.96617596,20.69711016,47.83321298
Indoor_Soccer_011,29.0615,9.42659,36.125,8.7109,220347.9583,234002.9132,62364,2726331,1700.503718,455.975245,316.50103,1992.367549,131795.4071,3148.977211,276058.5757,26.9965439,26.12073643,55.77395111
Indoor_Soccer_012,8.10923,6.68824,7.0167,12.8297,148466.775,445976.5459,0,3282989,410.9778241,695.0422555,0.616159512,2973.540533,154657.1734,3300.355309,313012.6453,44.6292377,33.85109735,65.6732618
Indoor_Soccer_013,19.87,20.5859,21.9583,24.8401,283395.4167,182551.2338,0,1368714,1055.904782,620.7349639,0.616159512,1595.63407,128281.4145,3101.024994,259715.774,24.28629159,23.67198098,51.3960173
Indoor_Soccer_015,21.5284,20.1634,30.7667,22.0998,401857.2417,209928.9685,209164,1711440,1236.044316,782.8146333,394.5975394,2478.292416,119049.9315,2914.160794,195925.3035,17.16628558,14.12946639,34.30773199
Indoor_Soccer_016,20.9498,13.5311,28.4833,13.9085,291833.8167,195630.1912,189186,1803037,2282.974982,517.361996,1299.868103,2717.496369,125927.9053,3039.605439,245657.6996,22.47109027,20.53549471,47.63011959
Indoor_Soccer_017,24.9057,10.445,36.5417,13.9128,428691.7833,173047.9815,278446,1793445,1687.653934,515.723331,541.1140236,2068.930022,119439.3262,2887.836887,220384.932,17.46661566,12.78519462,40.86001334
Indoor_Soccer_019,23.307,16.4941,28.9833,17.2889,337362.7833,175175.1824,311,2012367,1776.325035,608.7028204,571.2522992,2364.076242,122674.2437,2981.330352,230370.7781,19.96162455,17.55958561,43.53503651
Indoor_Soccer_020,21.6662,10.7566,30.9583,12.5278,337110.5083,81270.8007,273230,1153527,1182.536035,37.69407661,1120.595266,1269.335282,122705.2214,2941.588278,223555.0418,19.98551686,15.53009406,41.70922704
Indoor_Soccer_021,26.7161,7.33879,35.2167,10.6202,360775.75,213321.6862,281577,2099653,1464.760143,324.5722466,1167.309137,1876.702029,124162.753,2992.48066,244532.3695,21.10967364,18.12899368,47.3286645
Indoor_Soccer_022,16.437,5.65326,25.2417,8.3008,290488.5417,171853.7136,253609,2146268,2212.988585,264.7302556,1748.427781,2418.66798,126805.4147,3002.697829,230876.3476,23.14789078,18.6507495,43.67046922
Indoor_Soccer_023,12.8999,23.0508,17.85,17.8354,219806.1083,125091.9854,104122,972088,1667.856916,768.5942395,549.1363944,2820.787327,125660.5696,3080.219245,216719.5152,22.26490115,22.60950265,39.8781161
Indoor_Soccer_024,13.1386,18.7016,16.25,13.6512,159298.3417,92291.39507,87571,1083830,1170.886621,406.3158819,578.3440115,1728.566349,132358.4955,3140.004291,243509.8816,27.43083953,25.66252014,47.05475896
Indoor_Soccer_025,21.2422,17.2531,28.75,16.0398,345138.2833,236338.2345,158064,2463297,1648.009272,1006.076219,579.5157096,2767.996245,121016.0172,2976.366832,213109.8549,18.68267702,17.30611569,38.91115495
Indoor_Soccer_026,30.8683,11.0768,40.1833,13.5968,476266.8333,216759.8341,419527,2831334,2556.968194,70.29532233,2375.285535,2643.937214,119237.8532,2909.900485,238466.7509,17.31122473,13.91190701,45.70379766
Indoor_Soccer_027,31.931,9.3777,41.4,12.3504,476804.9417,211350.5587,424065,2779628,2269.863513,62.5522294,2198.584973,2385.359505,119691.9286,2915.199477,241071.1671,17.66144146,14.1825084,46.40147252
Indoor_Soccer_028,32.6444,12.9016,42.2667,16.6063,532371.5583,239782.6726,451457,3112837,2338.492971,157.2128966,2201.006104,2703.417494,118259.6998,2889.120183,238382.0848,16.55680008,12.85072817,45.68111717
Indoor_Soccer_029,31.5271,8.69525,40.2583,11.8173,468112.675,216404.5514,404797,2819708,2851.876531,86.54007062,2705.81015,2966.294469,120532.9702,2939.35439,244451.8339,18.31011524,15.41601707,47.30709051
Indoor_Soccer_030,32.7436,7.86912,42,10.906,480449.6917,235327.2056,441463,3044963,2938.758334,51.74597571,2847.142935,3000.382349,120613.2306,2942.319116,245916.1351,18.37201803,15.56741545,47.69934969
Indoor_Soccer_031,22.0755,18.6506,30.7083,24.2438,423860.75,293037.2406,180943,2979719,1441.950326,744.6614589,541.0699928,2845.510935,119938.5962,2935.285952,215223.2031,17.85168981,15.20825585,39.4772818
Indoor_Soccer_032,18.941,20.5597,25.5,24.7908,307471.3917,130954.4156,194928,1579532,1255.465958,322.8601657,698.8386126,1662.824355,125496.7412,3028.895938,234868.6709,22.13854447,19.98859718,44.73993868
Indoor_Soccer_033,15.9553,24.2005,26.4583,24.3004,351895.6333,79429.20428,254871,917944,929.9703811,228.6130928,492.5818999,1274.914757,118937.5582,2919.807628,182625.9206,17.07961489,14.41783087,30.7450737
Indoor_Soccer_034,13.3187,16.7291,16.1167,15.366,145233.5833,143102.5603,90361,1349081,1293.255786,465.4410316,564.6317808,1834.204985,133947.9629,3176.536539,246797.0208,28.65675493,27.52809692,47.93532264
Indoor_Soccer_036,23.5331,16.3622,31.6583,18.335,401496.6667,134372.9801,367834,1863126,1481.509308,128.9281239,1321.785128,1722.997541,119688.238,2885.613436,225162.189,17.65859498,12.6716506,42.139752
Indoor_Soccer_037,25.5161,15.1076,34.4417,17.1943,415629.5083,128832.0596,375814,1797670,2006.198277,210.6356021,1709.092552,2246.09893,120134.1813,2896.198976,238914.1281,18.00253961,13.21221788,45.82364172
Indoor_Soccer_038,29.5608,11.2033,37.1083,13.9829,428016.4167,216469.354,373360,2777418,1953.475355,136.9873172,1782.937126,2210.24835,121125.5808,2925.887718,249290.7621,18.76718059,14.72832021,48.60334975
Indoor_Soccer_039,31.5662,10.9424,40.1583,15.7431,483236.6583,236723.3313,378330,2805432,1731.255705,129.0955166,1359.629533,1859.842915,119856.5471,2901.698572,245943.4444,17.78840746,13.4930634,47.70666535
Indoor_Soccer_040,30.5107,8.35484,39.45,11.2472,422126.925,211067.6392,380086,2713021,1568.038672,9.694832967,1534.3277,1579.093418,122228.085,2960.5151,256499.1112,19.61751378,16.496622,50.53433293
Indoor_Soccer_041,23.0839,16.055,35.05,18.2827,471956.1917,214647.9343,391976,2708734,1368.754592,305.9763439,793.5769808,1655.085663,117159.1394,2828.5546,198476.83,15.70796615,9.757851332,34.99123866
Indoor_Soccer_042,13.8262,19.491,22.05,16.1792,260674.2,154347.0878,169879,1498926,1470.626207,473.9888282,292.8317684,2022.930149,126401.7096,3040.138358,218361.1608,22.83652341,20.56270904,40.31788254
Indoor_Soccer_043,10.7099,7.971,18.375,7.6527,169666.4333,28112.89296,153267,456254,344.915745,29.59712948,289.9180277,403.641763,134991.2524,3120.898299,239935.0216,29.46141743,24.68684261,46.09712017
Indoor_Soccer_044,19.5511,2.76692,15.2083,5.2387,53775.20833,66819.1495,0,458484,240.8838686,315.653679,0.616035146,1462.734432,146147.3996,3279.220525,278163.1317,38.06586753,32.77181636,56.3377227
Indoor_Soccer_046,95.9039,0.439105,57.3833,3.4157,129383.4167,1338502.352,0,14730169,1514.340247,378.0223963,680.2421162,1735.901854,193126.1218,3346.787737,325062.1249,74.29935074,36.22224239,68.90109415
Indoor_Soccer_048,44.3175,0.341195,20.0667,1.7592,75821.325,813017.0626,0,8944787,449.3508908,420.3198375,0.616035146,1080.832734,226448.4402,3349.027054,326285.2377,100,36.33659665,69.2287434
Lake_s000,42.029,12.8974,53,19.3762,400554.5167,102876.8231,283755,1192403,1072.126343,8.279753627,1050.462409,1082.704089,105457.097,2807.959855,134565.9201,6.682481027,8.706148247,17.87068988
Lake_s001,42.0419,12.7481,53,18.9174,971161.9833,352381.0084,541864,4282129,1039.635253,4.690858171,1031.048747,1053.298802,105493.7477,2804.608863,136345.1082,6.710748775,8.535024524,18.34730141
Library_s000,41.7954,9.81866,53.8583,12.2512,965118.725,346609.9562,817524,4238808,2120.86588,21.82761541,2101.253411,2188.37605,137157.2862,3183.107882,314181.6636,31.1320237,27.8636729,65.98642014
Library_s001,45.8109,19.9221,56.4667,25.2253,276540.4417,304791.9371,213750,3589165,2452.814671,165.9628735,2191.446599,2725.336439,134702.1003,3177.519291,319302.5024,29.23840183,27.57828269,67.35819799
Lifting_Off_s000,19.5387,1.82643,19.1667,3.0738,61057.825,15201.96134,0,97025,1443.559654,575.5420438,0,1745.292814,148122.0003,3265.13778,290077.795,39.58882637,32.05265879,59.52944025
Lifting_Off_s001,30.8039,6.71848,23.375,7.082,84341.63333,130540.6191,55746,1238792,2060.331502,77.79529306,1737.21001,2193.453565,136307.9949,3234.564437,253135.5785,30.47698708,30.49138293,49.63330484
Lifting_Off_s002,38.6931,13.0237,25.175,16.6447,358765.4583,387275.2177,54199,3606412,1846.135894,261.1818017,1433.838899,2184.267631,122991.9256,3160.048953,206252.3314,20.20664443,26.68613237,37.07415144
Lifting_Off_s004,21.8496,9.92483,20.4917,14.2917,182448.1833,192500.7016,46667,1980025,1411.467058,499.0889466,618.8888017,1834.93344,129923.1379,3202.499725,222956.6514,25.55251066,28.8539479,41.54892933
Lifting_Off_s005,25.96,5.53667,28.675,6.8023,161646.0167,185573.7989,132896,2184982,1835.483685,16.34573152,1802.031651,1874.808752,128084.0535,3186.126758,222313.945,24.13407211,28.01783658,41.37676021
Lifting_Off_s006,20.8657,2.52257,12.5833,3.4426,61285.54167,224610.6837,24114,2414653,846.3563383,302.3616701,723.6004524,1848.253796,157678.8501,3307.932816,307587.1799,46.95977948,34.23805467,64.21988012
Lifting_Off_s007,23.4742,3.07116,15.125,3.5599,65787.68333,203560.1239,23942,2127026,963.5671019,366.3328679,734.6900933,1562.059017,153818.077,3300.377203,302913.815,43.98206425,33.8522154,62.96797222
Lifting_Off_s008,32.3432,4.19967,26,3.9307,98643.99167,199660.0862,74217,2276289,1550.028071,16.19874181,1522.25504,1570.774143,139378.7327,3253.520539,271680.6078,32.84536841,31.4594061,54.60117462
Lifting_Off_s009,32.4458,3.99553,26,3.8035,100535.9917,199803.5546,76199,2279582,1513.219328,7.790796451,1500.641425,1532.372021,139736.6065,3255.424093,272230.5871,33.12138725,31.55661406,54.74850388
Lifting_Off_s010,33.247,4.59402,26.3167,5.006,136387.2917,283192.4295,79749,2340398,1518.682589,75.27272042,1466.652313,1692.188712,135926.5409,3242.445319,257338.511,30.18278141,30.89383257,50.75919257
Lifting_Off_s011,36.0369,4.4939,28,4.3712,137173.6917,253421.1183,99849,2900206,1718.927816,11.42630786,1690.885757,1734.060929,131275.9076,3236.654617,245662.0341,26.59586723,30.59812121,47.63128074
Lifting_Off_s012,35.6438,4.5248,27.7833,4.4627,139339.4833,251767.9376,101012,2883652,1738.974752,7.892878223,1724.321445,1755.076447,132030.3611,3241.79995,247102.1415,27.17775789,30.86087579,48.01705883
Lifting_Off_s013,34.1483,5.40483,27.0417,5.9624,146157.8667,290669.7707,59482,2836584,1789.561046,19.24944342,1750.249702,1825.448657,133090.6069,3238.299541,251378.4728,27.99549827,30.68212188,49.16260875
Lifting_Off_s014,30.6982,4.7662,24.4083,4.4804,86791.78333,182357.1233,53443,2074070,1813.988641,18.54374429,1787.08813,1848.207191,141057.694,3251.636515,282672.4279,34.14030819,31.36319542,57.54567961
Lifting_Off_s015,30.6672,3.74813,24,3.8131,83984.91667,178049.7549,50471,2023230,1792.900953,14.94469092,1769.293989,1812.468649,142794.8101,3258.565233,287713.3789,35.48010121,31.71702135,58.89605699
Lifting_Off_s016,19.1261,8.42741,16.2167,8.4883,72558.31667,197366.4221,44327,2105904,1683.979158,117.5458335,1465.010288,1908.262283,146039.9876,3273.416427,284660.2641,37.98302338,32.47542096,58.07818409
Lifting_Off_s017,15.2261,12.0567,13.4167,11.294,53630.1,61373.79285,43100,722306,1447.410609,100.4531119,1308.184761,1626.276936,146830.8227,3274.797258,286296.8347,38.5929742,32.54593526,58.51659104
Lifting_Off_s018,12.9172,9.0212,11.2917,8.6111,46344.43333,54555.15263,34998,637648,1057.67081,137.0660518,918.5538967,1416.059889,150227.1765,3284.370034,288567.5787,41.21249479,33.03478412,59.1248813
Lifting_Off_s019,14.386,7.27792,12.1083,7.1018,44740.00833,42618.19309,37244,507504,1031.489197,71.47172878,912.8753223,1286.149726,150131.1719,3285.378968,288409.2736,41.1384489,33.08630692,59.08247429
Lifting_Off_s020,16.7244,4.86007,14.3833,5.3773,51878.14167,100931.0785,33256,1005233,1171.079903,311.8427512,880.9937366,1635.054349,150912.4798,3287.374138,292568.7871,41.74105162,33.18819345,60.1967309
Lifting_Off_s021,21.2728,1.92401,17.4417,2.4558,51489.64167,93461.04824,38184,1069693,1643.522492,6.121067355,1634.878112,1653.309579,151122.2958,3286.664728,297892.363,41.90287736,33.15196627,61.62281826
Lifting_Off_s022,21.5212,1.83087,17.3583,2.401,49948.95,89595.50044,38776,1026466,1647.569413,5.432450416,1633.804613,1655.425115,150341.2504,3284.089505,295302.1903,41.30047706,33.02045849,60.92895899
Lifting_Off_s023,21.678,1.73213,16.8333,2.6367,50050.81667,99274.42976,16471,1129418,1569.967492,74.01339675,1385.93238,1633.427916,147160.2584,3274.367886,283188.481,38.84705951,32.52400869,57.68392066
Lifting_Off_s024,22.8398,1.88661,17,2.4286,48527.95833,98430.18394,38184,1122238,1634.321788,17.87227357,1604.7851,1663.237483,151286.6661,3290.542668,297166.0806,42.02965195,33.34999939,61.42826066
Lifting_Off_s025,22.7108,2.32463,17,2.72,49339.74167,96091.52793,38021,1097478,1677.871142,8.730479079,1663.240057,1691.212396,151131.526,3289.708582,297303.9611,41.90999634,33.30740549,61.4651963
Lifting_Off_s026,24.2094,3.06298,18.3,3.8933,71103.65,188532.1714,39982,1831254,1770.082928,162.793027,1690.712005,2163.486347,148040.2545,3281.110679,290221.9429,39.52577794,32.86834002,59.56805481
Lifting_Off_s027,31.184,2.50199,25,3.4711,83351.58333,175169.5472,60136,1992810,2123.610789,8.617496438,2110.590942,2145.856348,145295.5901,3272.082223,294159.2873,37.40888873,32.40728773,60.62279643
Lifting_Off_s028,31.2876,2.42533,25,3.2455,80811.50833,172856.1012,59442,1965608,2104.267833,4.468843312,2098.699396,2114.475151,145399.4024,3272.41145,294519.0497,37.48895646,32.42410021,60.71917013
Lifting_Off_s029,31.1265,2.32327,25,3.1971,81585.29167,172490.1632,59992,1962461,2101.666481,5.247504046,2091.893204,2115.325675,145792.7165,3273.987681,295357.8573,37.79230952,32.50459295,60.94387113
Lifting_Off_s030,31.1761,2.57501,25,3.4437,81625.7,173363.9911,61706,1972621,2110.101178,4.791462456,2102.575354,2119.037649,145981.2515,3274.833898,295876.2307,37.93772174,32.54780631,61.08273378
Lifting_Off_s031,33.9321,3.75323,30.1,6.3421,156950.2,264343.9271,63696,2354194,2305.982103,165.1223332,2107.910571,2462.607078,135022.3532,3226.349293,271415.7372,29.48540466,30.07186365,54.53022071
Lifting_Off_s032,35.9333,3.904,34,6.6343,186595.1583,238841.8656,160308,2791986,2428.903212,9.226664073,2408.603989,2442.850718,131119.5428,3199.600975,264878.5284,26.4752671,28.70591864,52.77902358
Lifting_Off_s033,35.8075,4.19218,34,6.7375,186216.9333,236125.8122,160519,2761744,2466.638337,37.10709492,2416.579786,2514.197403,132208.9797,3205.240421,269880.7241,27.31552183,28.99390588,54.11901912
Lifting_Off_s034,29.7636,3.59893,28.4917,5.7994,163436.85,259497.3909,107645,2764382,1639.876414,611.7261616,1222.507245,2539.647035,137297.6581,3211.144315,282779.5413,31.24028893,29.29539747,57.57437329
Lifting_Off_s035,27.0755,2.73007,26,4.0618,122262.6167,117332.9682,108510,1401565,1229.384384,2.150839606,1226.035253,1233.500614,141045.9829,3218.911969,293791.7572,34.1312757,29.69206497,60.52434194
Lifting_Off_s036,27.0598,2.48981,26,3.9917,123791.55,118419.4977,108502,1415137,1248.577068,10.17255008,1233.486664,1269.920973,141166.4621,3219.351009,294394.8919,34.22419821,29.71448525,60.68591054
Maples_s001,55.4409,40.9023,74.2083,80.655,623301.525,643850.3088,371493,7446797,2943.512109,260.2912123,2578.933771,3529.42131,96792.88943,2676.820514,181317.8018,0,2.009311285,30.39465288
Marathon_s000,39.2282,18.312,82.1583,28.1031,1043651.467,300428.7421,912846,4036305,858.2647247,11.90259051,831.2819177,877.8789864,101130.4552,2637.473616,119848.7802,3.345453165,0,13.92824074
Marathon_s001,39.4869,17.7806,82.3833,27.536,1044205.025,309330.4331,907974,4147289,844.1760483,14.34451638,818.6352841,872.3091785,102014.8415,2649.146317,124330.7864,4.027557679,0.596084842,15.12888717
Nature_in_the_city_s000,25.9521,1.95231,18.075,2.9412,57771.475,16819.42315,0,89265,2736.370692,1090.059095,0,3312.280099,150847.0939,3291.263234,273570.6828,41.69062118,33.38679623,55.1074907
Nature_in_the_city_s001,33.774,3.42572,21.2833,4.0965,99680.35,137355.684,67944,1596426,2911.907799,106.145095,2609.106899,2962.668918,138913.2571,3247.973414,237765.188,32.48635898,31.17613342,45.51586195
Nature_in_the_city_s002,22.7618,1.34116,12.0083,1.8149,42106.66667,227629.9212,2431,2506778,1813.776052,397.0973313,1617.345284,2962.380414,160456.1402,3315.221755,291299.5697,49.10183205,34.61027585,59.85673108
Nature_in_the_city_s003,29.8294,2.6018,24.2833,3.4556,26273.75833,91877.55448,2578,1024556,2333.877673,501.2001686,1543.631449,2726.052472,151863.7115,3287.737995,291591.4259,42.4747122,33.20677437,59.93491394
Nature_in_the_city_s004,25.6684,2.34634,19.9583,3.2099,41757.275,238437.2517,7706,2641093,1807.418578,757.9300868,1063.061966,2732.665747,157048.8662,3307.12843,298516.8873,46.47388907,34.19697748,61.79011675
Nature_in_the_city_s005,21.6139,1.37068,16.4917,2.1166,20579.54167,76899.57003,300,854369,1429.800759,403.3775867,1061.439884,2001.835799,159826.477,3312.49963,297816.0594,48.616189,34.47126626,61.60237795
Nature_in_the_city_s006,27.289,1.53573,27.1583,2.9026,42973.875,177431.5382,3820,1936983,1869.582474,231.3503719,1337.448679,1997.774236,147945.155,3279.850236,285001.1461,39.45243013,32.80397353,58.16950007
Nature_in_the_city_s007,38.3355,5.99068,51.5417,6.9045,158832.625,357539.0537,38126,4029703,1571.131459,25.37119683,1535.955872,1610.379365,136049.1884,3241.487516,274973.0145,30.27737626,30.84492084,55.4831494
Nature_in_the_city_s008,38.2226,7.39414,51.6083,7.8307,143812.7083,382700.0443,41279,4298169,1583.716582,12.22317168,1553.136662,1606.238065,134381.3051,3230.486018,271445.8386,28.9909807,30.28311202,54.5382843
Nature_in_the_city_s009,30.8296,2.88716,34.9917,4.819,89644.65,379446.4666,3149,4171412,1500.294714,128.9318746,1168.17813,1571.639826,138579.6987,3227.348823,262613.0054,32.22909397,30.1229062,52.17213193
Nature_in_the_city_s010,27.0527,1.56176,31.0667,2.5109,35597.95,206949.0242,4061,2291336,1222.979593,218.2003784,993.9276573,1567.283927,143716.7805,3245.767517,266691.6656,36.1911934,31.06348581,53.26472943
Nature_in_the_city_s011,26.9718,1.98457,32.725,1.9954,33317.08333,168027.8405,6984,1864101,1099.056814,7.640603572,1071.138282,1114.493136,150540.2279,3287.170166,289361.2013,41.4539433,33.17777728,59.33747808
Nature_in_the_city_s012,36.3271,1.28152,34.3167,2.3258,28472.18333,135261.294,3933,1500449,2242.775927,362.4847982,1105.746011,2398.139186,143718.6883,3248.73373,280052.6631,36.19266478,31.21496015,56.84389314
Nature_in_the_city_s013,38.0859,1.07422,35.125,1.4021,38816.95,278162.7338,5117,3072737,2394.853097,0.774835078,2393.352252,2396.581844,155493.2665,3303.258556,309310.6416,45.27409492,33.99935623,64.68156359
Nature_in_the_city_s014,31.061,2.80503,34.35,3.5943,56543.78333,275722.3467,6283,3061270,1489.660595,445.8320206,1201.132968,2395.277175,137513.1324,3208.238622,246165.424,31.40647873,29.14701369,47.76612956
Nature_in_the_city_s015,30.1722,3.60017,35.9583,3.0798,52653.13333,196598.9884,22270,2195803,1246.527143,8.638982743,1229.970001,1257.105899,143144.0993,3257.351293,270327.0999,35.74949903,31.65502957,54.23859493
Nature_in_the_city_s016,27.0043,2.2371,22.7833,3.1538,42608.35833,199318.0045,5178,2210557,1607.041998,373.8969248,1240.56758,2053.329043,149388.439,3285.919535,273986.234,40.56559802,33.11391185,55.21880918
Nature_in_the_city_s017,25.3925,0.672711,10,1.223,17947.56667,127453.7116,3899,1408258,2051.272432,1.079905599,2048.825781,2053.648499,175720.2404,3337.618702,313770.7915,60.87464091,35.75401121,65.8763551
Nature_in_the_city_s018,26.1805,1.3909,12.0333,2.2232,32342.51667,128093.6158,2585,1404562,2362.326872,578.7438162,2041.413004,3697.033758,161540.9982,3320.506434,295986.2244,49.93855521,34.88014628,61.11219903
Nature_in_the_city_s019,31.1174,3.71549,20,4.3615,85052.725,180584.0328,54743,2054010,3704.635841,4.33997877,3695.680704,3711.627862,144039.2807,3269.079978,259854.4395,36.43992949,32.25397337,51.43316322
Nature_in_the_city_s020,30.8842,3.98997,20.2917,5.1342,80721.60833,180006.565,55174,2043368,3647.184135,220.0179237,2629.738172,3716.367574,142725.8435,3261.800794,256374.9178,35.42690904,31.88225034,50.50106382
Nature_in_the_city_s021,39.8664,3.11726,33.9333,3.6436,94574.73333,147982.4638,63816,1706634,2586.198247,60.39534167,2379.59953,2610.737994,135605.0723,3219.674985,251192.4318,29.93484089,29.73102959,49.11277182
Nature_in_the_city_s022,37.4232,2.34763,36.575,4.2154,104645.125,298475.7627,38858,3357078,2178.233517,320.9206511,1731.170246,2610.797488,137299.074,3223.57257,256763.3701,31.241381,29.93006589,50.60512298
Nature_in_the_city_s023,27.9438,2.77956,24.6,3.8516,80626.225,305319.1594,6451,3387806,1711.359615,263.1001188,1287.316059,2004.225376,153193.2032,3300.790021,294684.4718,43.50011511,33.87329664,60.76348363
Nature_in_the_city_s024,18.6976,3.70934,7,2.3576,15051.53333,69286.92882,5409,770793,1528.409551,1.73133401,1524.818694,1532.207381,176889.585,3336.279701,319222.8907,61.77652647,35.685633,67.33687149
Nature_in_the_city_s025,18.7954,2.81758,7.3333,2.1012,16489.45,67927.44462,6477,756882,1548.165981,124.417158,1341.582947,1835.788208,172014.9782,3332.239583,312066.4537,58.01686729,35.479318,65.41979457
Nature_in_the_city_s026,19.6642,1.20039,8.35,1.3477,17360.98333,86300.45188,4618,958277,1823.052747,21.11327516,1777.039028,1839.379043,171349.9204,3331.016064,310063.2833,57.50392525,35.41683711,64.88318235
Nature_in_the_city_s027,21.5934,2.49432,9.8083,2.2485,20238.40833,78643.12895,6712,876970,1780.463645,59.81998154,1746.926121,2136.426973,168797.8082,3328.977674,309916.3861,55.53554655,35.31274353,64.8438313
Nature_in_the_city_s028,28.0086,2.31472,13.825,2.2906,28942.55833,105748.146,14826,1182188,2998.023476,161.3639993,2200.751103,3045.613647,160978.0385,3317.436152,297754.06,49.50435885,34.7233575,61.58576946
Park_s000,22.7052,10.2492,26.1333,11.1059,250532.3083,145682.9285,155777,1690962,786.275479,15.32971063,758.7371133,813.3858305,114908.0441,2984.240697,126266.7408,13.97175406,17.70820696,15.64749348
Park_s001,22.5564,7.69294,26,8.0414,185326.025,152743.3756,113916,1770443,746.7109991,7.8784783,738.1115059,769.1459022,118937.4779,3044.277025,147215.7775,17.07955298,20.77405658,21.25935233
RaceNight_s000,29.0259,21.7244,60.5,27.8738,899848.25,203309.7885,691573,2874386,1324.027094,79.85900212,1226.108765,1552.480411,116760.3602,2872.491417,209916.9202,15.40039797,12.00155403,38.05582692
ResidentialBuilding_s000,52.3789,13.5127,86.925,16.1685,468797.9833,632798.2716,272666,7363323,2395.02194,50.2114624,2320.750445,2476.471258,127910.5505,3160.651213,308748.5591,24.00025367,26.71688776,64.53099208
ResidentialBuilding_s001,50.519,18.8181,80.675,22.766,464834.5833,581006.5588,378069,6800623,2211.361559,49.20070773,2162.676711,2319.685259,126907.8999,3149.970966,310843.7227,23.22693498,26.17148409,65.09224759
RiverBank_s000,52.8592,12.7623,65.5333,15.3644,811087.0417,339068.1097,734605,4487231,3070.65722,7.207621416,3052.927036,3080.224253,112562.7824,2968.066743,186959.0164,12.16291385,16.88225856,31.90582977
RiverBank_s001,55.2666,13.3144,66.8167,16.5323,851545.025,383954.2789,771560,5012362,3082.758642,1.965944641,3076.383633,3085.498834,111344.0107,2959.120521,175460.3022,11.22290651,16.42540566,28.82553727
Runners_s000,50.8468,18.0174,105.85,22.4837,878683.3167,608606.0284,719314,7403039,1990.15496,73.86550139,1901.90967,2148.75335,104791.448,2789.286584,183016.1943,6.169083058,7.752568257,30.84962078
Runners_s001,49.8862,19.9546,102.7833,26.8636,913103.1167,573115.9586,731419,6992032,1968.634635,120.339212,1733.410672,2272.015618,103642.1531,2757.008606,173031.1144,5.282661334,6.104242453,28.17480285
RushHour_s000,28.9973,18.5728,47.75,19.7037,370313.75,190746.986,296728,2370933,1677.096185,51.494897,1596.141317,1802.321594,119838.6287,3042.284559,207475.9278,17.77458746,20.67230819,37.40193027
RushHour_s001,29.3011,17.032,48.2583,18.5472,371929.875,186937.4224,293338,2326029,1721.98864,83.60374581,1598.180729,1955.386162,119569.7362,3039.434199,203904.0213,17.56719758,20.52675005,36.44508268
Scarf_s000,38.4401,6.37604,63.5917,9.9506,302823.7333,203663.2517,126850,2059018,2176.837051,288.6977324,783.1943764,2272.292492,127904.2323,3127.581056,277107.0074,23.99538063,25.0281081,56.05480656
Secounds_That_Count_s000,20.5912,9.98341,12.0417,10.4909,72389.24167,117156.8929,0,1296436,1304.025363,1062.975781,0,2773.78554,206556.9282,4531.341904,400532.6245,84.65818714,96.71336601,89.11824288
Secounds_That_Count_s001,31.2479,16.8626,19.8667,17.8502,123288.5583,267251.4475,36461,2807671,1821.426046,792.1983181,1081.421422,2806.88134,192591.1268,4412.809132,385185.8191,73.88672282,90.66030338,85.00711803
Secounds_That_Count_s005,21.1286,0.985685,12.2167,1.9895,19056.14167,14107.60747,0,56129,513.9150663,248.6285697,0.616035146,704.3771873,223137.0005,4543.43324,438265.7314,97.44597158,97.33082915,99.2262432
Secounds_That_Count_s006,23.4683,6.59339,15.5167,6.1009,73813.09167,245041.6666,0,2208304,2110.337022,961.9840301,698.7796529,3352.488001,204676.116,4403.39011,381101.6384,83.20756493,90.17930619,83.91304166
Secounds_That_Count_s007,33.423,10.1338,19.575,8.649,94753.51667,234987.9504,33713,2523117,1846.280027,133.4788496,1180.259297,1985.12937,208160.0485,4507.729141,420273.8985,85.89463267,95.50754312,94.40656449
Secounds_That_Count_s008,8.24291,17.5645,7.4083,9.8029,47691.4,70537.74339,19406,738673,1418.708861,417.1324242,973.3097691,2282.837152,197516.1963,4349.498923,380669.7453,77.68530258,87.4272679,83.79734551
Secounds_That_Count_s009,29.7134,10.822,18.975,9.0986,103093.775,265489.3902,19989,2964843,1795.167717,423.1265375,956.2552874,2210.354394,197724.023,4424.374272,385385.7553,77.845594,91.25089549,85.06067723
Secounds_That_Count_s010,11.2007,10.2903,10.725,8.4739,58414.225,47497.41905,24250,449617,1402.124511,220.3701583,1052.355276,1743.702088,195085.8007,4430.355748,312848.2246,75.81080078,91.55634898,65.62921652
Secounds_That_Count_s011,8.55697,9.80741,7.725,6.2054,53446.4,235013.9863,13731,357371,1665.722427,363.1138742,1232.720517,2456.341439,210027.9857,4507.638832,384271.6471,87.33532474,95.50293135,84.76222829
Secounds_That_Count_s012,35.6261,6.76253,22.3583,5.4253,77840.55833,246782.4498,33595,377476,1683.904543,72.736028,1601.794287,1805.628199,201620.7762,4418.192771,404530.8299,80.85105976,90.93522738,90.18928804
Secounds_That_Count_s013,26.4683,8.84883,17.9917,8.3195,99608.36667,333082.1895,28024,380165,1681.422662,75.52130137,1618.148429,2054.273295,202432.484,4535.518229,382514.6257,81.47710911,96.92663665,84.29155479
Secounds_That_Count_s014,38.4085,4.30292,23.825,3.6565,64301.45833,277438.5599,32026,378842,1978.599275,32.26153798,1949.228826,2050.40071,204088.6913,4350.651338,408754.3761,82.75449931,87.48611776,91.32069782
Secounds_That_Count_s015,17.391,10.5673,12.0417,9.0049,69507.575,274389.4847,27471,377363,1669.719494,238.366093,914.9274393,1961.709778,199662.9584,4410.578703,366927.7101,79.34104507,90.54640304,80.11610885
Secounds_That_Count_s016,21.3905,11.2446,13.7167,10.1324,76075.01667,260082.5507,32125,359211,1840.813861,207.6923513,1488.856893,2250.217178,200565.8273,4436.951809,384280.8419,80.0374047,91.8931872,84.76469139
Secounds_That_Count_s017,26.0033,9.04463,16.4667,7.8825,65171.69167,278404.6556,19560,378980,1595.380458,584.0110618,692.4582388,2332.175964,208640.9897,4505.205614,407644.7955,86.26557031,95.37867524,91.02346173
Secounds_That_Count_s018,29.5575,9.38748,18.325,8.6048,81234.175,269915.4453,38171,358348,2110.864355,178.8411208,1931.340716,2383.203208,200100.3484,4381.185736,398817.2994,79.6783928,89.0454049,88.65873907
Secounds_That_Count_s019,33.6674,9.57162,21.025,8.3367,89889.65833,248773.4379,42526,372776,1901.575965,31.29608053,1843.706344,1948.934792,201929.7113,4426.219565,407628.8888,81.08933346,91.34512826,91.01920062
Secounds_That_Count_s020,46.0494,6.44977,20.2583,6.8741,74843.225,226916.4152,1033,368122,2350.796475,1290.359498,0.616035146,3540.37675,211938.6972,4488.977318,420101.6054,88.80900749,94.54995173,94.36041034
Secounds_That_Count_s021,64.2775,3.70088,26.0917,4.5543,68820.08333,550286.571,9489,262662,3569.764985,70.68601172,3429.970668,3674.102275,217962.9682,4448.851337,431501.9535,93.4553732,92.50085533,97.41435242
Secounds_That_Count_s022,25.2539,21.3784,33.525,30.2458,149768.8417,388471.3953,0,4323187,966.7167779,711.1928542,0.616035146,3412.015163,179849.342,4438.019419,383954.8304,64.05931105,91.94770641,84.67735895
Secounds_That_Count_s023,23.2924,14.6111,25.175,18.1459,124904.2833,493579.8695,37941,5351299,1962.003917,271.9068669,1342.575199,2246.538115,186006.8186,4227.004599,391483.5028,68.80841485,81.17190238,86.69415083
Secounds_That_Count_s024,29.3127,9.71878,22.275,9.5017,101132.5667,238098.9786,38157,2427600,1472.655977,343.9183489,1176.994896,2235.313039,196878.1013,4455.693371,392892.0684,77.19315627,92.85025459,87.07147944
Secounds_That_Count_s025,24.6734,9.03921,25.35,8.2503,89675.88333,220041.4396,47257,2272794,1946.247873,139.696647,1818.989605,2211.390248,189529.401,4311.576048,374026.5169,71.52529226,85.49067658,82.01774769
Secounds_That_Count_s026,25.1741,6.82687,24.1917,7.8499,92166.56667,254949.6588,42709,2410458,2899.703849,768.2412609,1347.677427,3354.132995,195434.9547,4331.969199,391079.583,76.08009431,86.53208492,86.58594819
Secounds_That_Count_s027,21.9355,13.1982,19.25,14.1877,92622.89167,183968.6813,41388,1637910,1749.583636,545.035189,1303.798751,2608.622409,202726.8713,4513.761941,404914.4789,81.70416253,95.81561755,90.29206051
Secounds_That_Count_s028,26.6105,7.85671,24.4167,6.7679,86007.25,200593.4414,43009,1791393,1490.391696,75.62798952,1387.682299,1617.802163,200899.4402,4433.662167,391150.9386,80.29471177,91.72519647,86.60506303
Secounds_That_Count_s029,26.3724,14.323,23.4583,16.4449,158729.4417,263041.2883,29373,2129185,2396.483335,649.8147478,1255.421169,2923.533409,182503.6615,4307.608946,347022.6854,66.10651958,85.28809027,74.78392149
Secounds_That_Count_s030,23.0066,9.43237,17.9833,10.3994,68077.2,189217.0949,27123,1860343,2712.08178,165.1781341,2472.79963,2882.047345,212396.7084,4595.701693,422503.9441,89.16225977,100,95.00395238
Secounds_That_Count_s031,23.2876,9.61053,18.8667,10.3796,94178.625,249849.0773,31722,2127254,2408.17477,198.8752794,2054.902985,2634.464651,202232.4284,4462.795001,396921.9621,81.32281138,93.21291048,88.15101332
Secounds_That_Count_s032,29.5572,5.26274,27,6.7344,83185.2,260125.1745,38639,2285031,1995.641032,54.43380865,1925.053918,2053.489865,208817.8226,4504.80899,421198.3705,86.401957,95.35842101,94.65421341
Secounds_That_Count_s033,40.8866,3.84343,22.7667,4.5987,67522.88333,192689.3521,1256,2025467,1739.83743,820.4751757,0.616035146,2316.240204,217619.966,4528.416796,428886.1017,93.19082441,96.56399079,96.71361416
Secounds_That_Count_s034,57.1463,2.85249,28.6167,3.1583,59381.725,436388.491,11416,4817746,2333.350367,78.39859237,1772.451501,2419.124024,221498.9869,4441.305675,427920.3777,96.18261367,92.11552422,96.45491461
Secounds_That_Count_s037,29.8762,17.854,19.25,17.8945,143487.4333,448116.1213,0,4286159,1752.785955,533.9846198,445.7730601,2387.25951,199857.1297,4524.179264,408407.1179,79.49080446,96.34759455,91.22767379
Secounds_That_Count_s038,22.5449,19.3694,22.6083,22.1735,142259.4167,241875.2485,51174,2453372,1780.327431,740.02013,1036.918828,2798.626977,174292.5576,4234.228396,308706.628,59.77350585,81.54079695,64.51975953
Secounds_That_Count_s039,16.4718,11.1484,15.0167,12.5972,92931.48333,143272.2267,0,1459324,1103.566607,552.6212768,516.5652462,1811.624475,187104.4227,4354.715594,325597.9932,69.65496869,87.69366542,69.04464334
Secounds_That_Count_s040,31.6353,4.74375,26.125,5.7419,99363.18333,270842.8051,22400,2103398,1672.251662,579.592132,1139.906364,2956.541827,199544.0781,4314.757475,398840.1252,79.24935578,85.65314113,88.66485367
Secounds_That_Count_s041,46.429,9.21042,28.7,8.6496,80952.88333,355965.2838,26870,3962950,2881.767781,58.48046075,2777.581261,2942.838891,210549.4086,4506.797339,441154.161,87.73748484,95.45995918,100
Secounds_That_Count_s042,18.2001,24.5733,13.825,20.2023,123859.1333,351432.7198,49799,3836802,1808.124481,679.5973513,1029.984694,2777.013622,180703.2266,4207.593837,363794.5567,64.71789038,80.18066123,79.27679511
Secounds_That_Count_s043,18.2961,17.5063,16.95,17.6647,88692.99167,113171.8604,43938,1179286,1199.946002,143.3256843,1022.735303,1449.814528,185124.5815,4230.09909,358223.1666,68.12796799,81.32992743,77.7843229
Secounds_That_Count_s044,25.8782,5.66694,25.0417,6.4728,66820.20833,106334.4597,29540,1091963,1065.613802,67.3761345,959.6733065,1126.324361,202979.3651,4376.909337,412714.0337,81.89890452,88.82702385,92.38141675
Secounds_That_Count_s045,30.2129,1.73685,26.9083,2.7872,49931.475,173254.4984,29641,1895747,1117.880892,86.44812611,178.8208694,1126.740981,214872.5295,4560.826582,436911.8934,91.07179706,98.21904755,98.86357508
Secounds_That_Count_s046,51.5999,5.29578,27.85,4.8033,82929.775,73429.19108,29470,483140,2479.035155,1067.366236,180.4701914,3105.13151,207663.1666,4458.701847,418735.1763,85.51140045,93.00388716,93.99436931
Secounds_That_Count_s047,54.331,8.42481,26.6417,9.9641,110458.1833,451925.2566,27518,5031609,2784.665263,1088.192356,274.9897175,3490.128796,187073.5212,4306.036514,374474.0356,69.63113518,85.20779153,82.13762967
Secounds_That_Count_s051,22.4551,8.63602,20.3167,9.5937,106090.7083,184152.6935,45793,1893101,2088.565969,379.0142438,1777.048926,2613.380239,197066.5241,4417.599214,376915.1669,77.33848193,90.90491649,82.79156351
Secounds_That_Count_s052,29.5846,4.54712,27.4333,5.3567,90825.61667,244727.791,37083,2188201,2334.415541,442.7047373,1648.835285,2634.611862,203784.8679,4538.117685,404076.665,82.52016818,97.05938197,90.06762568
Secounds_That_Count_s053,27.3558,5.49762,28.0417,5.6031,82161.5,173798.0293,51582,1971874,1639.715947,105.7398968,911.5031568,1695.112777,193356.7516,4358.696959,382184.5575,74.4772296,87.89698009,84.20313563
Skateboarding_s000,13.8078,1.85865,16.6167,3.8477,53210.38333,50672.87593,0,589102,1290.608066,344.6089908,0,1411.030042,154568.7974,3286.714048,298882.4212,44.5610756,33.15448491,61.88803651
Skateboarding_s001,23.7943,2.57855,27.4083,5.3813,89040.85,134297.1552,42478,1242741,1603.273033,152.3986702,1388.495304,1723.660322,146518.1027,3259.104931,291581.6216,38.35178132,31.74458188,59.93228754
Skateboarding_s002,20.0337,5.56816,27.2167,8.6641,166094.825,463020.3414,74657,4838996,1417.387134,59.87165374,1188.960495,1463.552962,134430.5873,3183.314253,247729.0047,29.02899081,27.87421155,48.18498387
Skateboarding_s003,29.1664,13.755,58.7083,21.0775,497449.15,564799.577,44096,5831884,1417.535297,437.618626,1058.419244,2116.835846,118233.4952,3044.561991,242907.8671,16.53658916,20.78860883,46.89349043
Skateboarding_s004,20.5069,7.63693,21.7083,9.8101,97247.05,99022.15595,47704,1029596,1557.863542,174.635005,1172.998666,1850.138791,142146.5469,3246.723162,283532.2497,34.98011245,31.11228734,57.77600994
Skateboarding_s005,33.4288,6.03783,24.6417,8.7971,58269.65833,105613.3448,0,1128842,1206.548262,608.7418085,0.616035146,1744.888024,146280.5465,3280.173291,295037.669,38.16856032,32.82047084,60.85809862
Skateboarding_s006,61.5495,0.488305,52.6917,3.9537,99129.525,766970.2025,0,6660661,1480.379843,854.7260974,844.318961,2619.372586,152446.4285,3306.773827,314361.3108,42.92414691,34.1788691,66.03454428
Skateboarding_s007,29.9499,20.7098,45.65,34.4861,354350.4167,647483.1964,0,6706848,2042.649884,323.0159983,1685.720251,2619.372586,128734.2495,3124.99486,297156.6354,24.63555156,24.89603994,61.42573048
Skateboarding_s008,37.6022,20.1188,50.725,40.7165,463324,443006.2988,311641,4201370,2342.759008,454.141508,1726.233718,3088.80203,126651.9051,3103.56763,298300.2332,23.02949278,23.80182469,61.73207912
Skateboarding_s009,41.2446,8.31083,69.9583,16.1749,694513.725,382295.9454,631648,4852430,3029.102822,39.01126169,2931.377308,3078.336975,123085.0089,3017.850645,284676.1953,20.27843723,19.42455192,58.08245178
Skateboarding_s010,30.9054,15.0169,66.7083,26.6945,1171716.658,848293.6061,371969,4667733,2270.935535,530.1096074,1474.573661,3349.340715,115351.3711,2869.143253,203271.8089,14.31368083,11.83057478,36.2757247
Skateboarding_s011,20.5218,13.7679,42.9917,21.2156,548192.1667,451865.4901,201116,4567887,2033.896027,1035.542613,740.9524281,3342.383499,124866.5158,2991.43895,251666.2041,21.65246783,18.0757971,49.23968664
Skateboarding_s012,23.2172,17.2376,49.7667,27.4375,665155.3167,235801.2847,379658,2797231,2699.611722,623.7532264,2125.518107,3876.093373,122952.973,2940.906073,245708.1802,20.17660136,15.4952562,47.64364242
Skateboarding_s017,20.1461,3.24034,25.125,6.1963,101867.125,93031.83178,24616,1092197,1510.692002,363.6453361,410.9651888,1661.39284,149522.2244,3265.401087,302373.4068,40.66878328,32.066105,62.82320688
Skateboarding_s018,20.9863,5.85177,26.9417,6.8102,123156.175,97134.90978,96431,1168013,1653.920882,30.0097731,1559.71066,1686.208923,146550.2669,3249.046759,299581.6542,38.37658874,31.23094548,62.07534808
Skateboarding_s019,24.137,8.20577,37.9083,9.4291,207315.6,186512.85,98187,2030143,1087.505928,424.0619939,735.4261303,1762.003408,137843.9504,3207.276797,280682.8863,31.66163018,29.09789662,57.01271827
Skateboarding_s020,17.2611,13.668,24.375,15.4041,135373.6417,167261.5446,98260,1949715,1003.357896,290.2230917,753.4231605,1806.536505,139634.7965,3217.20175,277794.4688,33.0428638,29.60472994,56.23896473
Skateboarding_s021,27.6934,11.332,31.5167,14.935,177968.5833,303443.6161,92653,3338647,1712.36684,646.7331883,984.9948202,2489.185046,134493.1147,3212.095933,263723.6975,29.07721653,29.34399338,52.46966576
Skateboarding_s023,15.3987,7.64066,18.7667,9.1244,96352.00833,39925.01368,87144,530976,513.068478,29.73580592,460.2514134,546.5320032,145911.4355,3250.800228,281745.4818,37.88387447,31.32048914,57.29736793
Skateboarding_s024,15.4045,13.4443,19.525,14.4294,121996.75,56650.01818,94848,664339,737.5729234,110.4578186,540.498202,908.3830411,139279.445,3218.496518,258421.8348,32.76879032,29.67084934,51.04939497
Skateboarding_s025,15.4253,16.5367,21.0583,19.3658,203905.5333,82279.03317,122484,760776,764.1630464,82.94565032,627.2208946,868.5239876,127144.9588,3132.734063,195677.0122,23.40977242,25.2912545,34.24121934
Skateboarding_s026,16.9759,11.4088,20.4083,13.5073,123961.7,66787.55589,96714,690369,800.1892483,91.66384411,534.0842624,856.4141583,141464.0048,3226.991938,272099.818,34.45368527,30.1046813,54.71347326
Skateboarding_s027,16.3889,16.949,21.3833,17.966,180770.775,102892.7408,99772,695745,795.3500044,103.0534388,620.5287389,982.7047854,130013.1175,3159.372072,216868.9773,25.62190966,26.65156639,39.91815421
Skateboarding_s028,18.3588,14.6396,23.3,18.1733,211287.8833,122185.8077,108527,1102890,843.7719496,57.6002029,693.2387099,927.260917,126194.1866,3123.039859,200842.0399,22.67646622,24.79620475,35.62483459
Skateboarding_s029,14.5026,13.6726,16.9417,15.9035,107280.3417,67875.03729,61602,801466,864.7982475,38.21352161,759.1198642,929.6347977,143432.6842,3245.950908,273405.3267,35.97207717,31.07285099,55.06319487
Skateboarding_s030,15.783,13.2406,19.9833,24.5714,224832.125,103284.4487,62711,973392,750.1160218,82.77471196,613.9185584,926.4553599,123664.7769,3075.360813,157871.9463,20.72559738,22.36139915,24.11394254
Skateboarding_s031,15.2301,17.3251,17.0583,24.8278,179990.325,55588.70487,84592,622951,893.400692,240.6144441,605.3808933,1532.868573,127202.4463,3135.35172,184681.3788,23.4541111,25.42492931,31.29569286
Skateboarding_s032,29.9021,9.7118,40.525,9.8392,132990.175,291957.7288,45588,3302913,1237.932363,225.980208,159.6925445,1632.744812,138424.5858,3240.902142,285508.5708,32.10945939,30.81502777,58.30542976
Skateboarding_s033,35.3054,5.90683,48.3583,7.4626,141154.9167,327814.5268,74180,3378698,1273.130946,80.25339256,1159.169687,1410.20934,139239.0032,3252.081403,291131.177,32.73759862,31.38591436,59.81162178
Skateboarding_s034,26.4924,10.1318,34.4,8.7416,113098.1,161058.0889,75527,1852873,1401.09547,64.34149696,1250.262211,1545.543014,142186.2244,3250.758476,291641.7338,35.01071467,31.31835701,59.9483905
Skateboarding_s035,26.7125,8.07174,34.1333,7.5874,110640.9083,155237.8309,74037,1796299,1448.015082,42.76301763,1393.176611,1526.189313,142412.614,3252.63637,288527.5326,35.18532322,31.41425463,59.11415369
Skateboarding_s036,23.8085,10.8199,32.075,9.8191,112077.525,137751.7054,73245,1424111,1394.848075,100.6523839,1266.412541,1583.906046,139744.2964,3231.376854,279722.5793,33.12731825,30.32860398,56.7554698
Skateboarding_s037,17.4086,8.69949,27.0167,7.5128,107689.25,78338.30886,96447,961477,1312.897001,77.76771523,1145.680824,1618.261458,145618.5934,3252.891449,289132.2414,37.65801288,31.42728062,59.27614397
Skateboarding_s038,21.7402,4.99518,32.2667,6.7825,133383.5417,169779.5191,85382,1746187,1255.890186,196.5533588,995.9907586,1449.975163,143750.2305,3252.089109,284654.4849,36.21699246,31.38630788,58.07663596
Skateboarding_s039,29.2786,3.28407,40.7333,4.7371,137187.7667,177570.9339,65702,2042762,1025.475472,6.064928716,1009.112112,1034.475721,144257.41,3271.058298,298804.3541,36.60816706,32.3549994,61.86712378
Skateboarding_s040,27.1908,11.0228,35.5083,9.7866,151401.15,181385.9385,81997,2105081,1336.235491,264.1942922,1024.534545,1859.061372,140729.0968,3248.286301,285689.0027,33.88686955,31.1921115,58.3537641
Skateboarding_s041,30.5019,9.02479,40.575,10.4666,164437.725,299342.6182,87882,3101749,1430.676056,421.1391147,1030.561081,2141.200917,136440.9809,3222.646296,272930.2095,30.5795558,29.88276424,54.93591976
Skateboarding_s042,37.405,9.34164,51.8083,7.6232,151785.15,312219.7517,101151,3555483,1301.70249,76.96425277,1161.975372,1432.647391,139364.0945,3255.215941,296840.6078,32.83407829,31.54598446,61.34107253
Skateboarding_s043,39.7549,6.2347,52.05,12.8775,338505.875,418957.2598,38153,3530055,2211.752062,397.4137232,1178.883234,3501.060812,131980.1041,3217.499953,270799.5523,27.13899593,29.61995815,54.36515618
Skateboarding_s044,15.603,4.98653,10.7417,4.0654,56375.95,71163.25078,29617,764755,1557.1418,652.4466685,842.8099945,3024.878091,157288.9842,3300.781672,313403.4147,46.65908592,33.87287025,65.77794168
Skateboarding_s045,13.0443,2.90279,9.6083,2.8512,37299.33333,29679.81683,28077,342647,802.4952317,82.5157138,585.8522633,942.9762152,160490.6692,3306.608531,319599.3644,49.1284634,34.17042799,67.4377218
Skateboarding_s046,12.7346,5.52944,9.0833,3.8176,42956.925,30922.70913,27094,339275,543.6541445,63.90988261,387.7066236,655.8433724,160492.3318,3306.997765,321176.0726,49.12974572,34.19030482,67.86009273
Skateboarding_s047,12.2406,2.66583,7.95,2.8132,31671.94167,23932.72171,17307,275560,343.0912294,71.83475564,129.2357204,437.4290553,161920.9329,3309.844015,321702.2963,50.23158907,34.33565306,68.00105831
Skateboarding_s048,12.2245,2.53011,6.95,3.1726,27436.38333,20135.93598,19515,234629,117.515502,10.95324322,81.57732287,133.3281503,164246.7367,3312.714642,324815.032,52.02542189,34.48224618,68.83490255
Skateboarding_s049,13.3513,1.56438,7.1083,3.8022,20222.06667,22343.96105,99,250142,99.54286348,71.23279989,0.616035146,463.3495831,168561.0079,3322.601207,323845.7202,55.35290862,34.98711917,68.57524187
TallBuildings_s000,64.0268,9.40781,94.5333,11.1024,470226.025,681049.6707,221929,7821744,1857.716509,16.38937636,1836.766822,1888.021921,125424.8577,3152.733816,292189.6296,22.08310255,26.31257339,60.09516163
TallBuildings_s001,64.174,13.0234,94.1417,14.367,569887.75,655766.3394,395039,7696169,1950.472221,42.57364161,1888.889563,2035.919262,124431.7931,3144.078556,293512.9937,21.31717734,25.87057893,60.44966635
TrafficAndBuilding_s000,43.7092,10.0114,61.025,10.2176,281405.3667,346193.0859,204797,4033271,1791.901945,19.01674398,1763.478021,1827.145824,131102.1397,3171.451388,288891.7198,26.46184455,27.26841569,59.2117127
TrafficAndBuilding_s001,42.9662,8.04069,60.0333,8.593,287947.3583,358693.7897,202387,4172641,1751.230415,16.80947538,1726.47438,1791.866417,131534.0455,3172.316768,287763.1802,26.79496238,27.3126077,58.90939783
TrafficFlow_s000,34.0785,15.3911,59.6583,18.5985,384433.9167,212259.0022,340053,2685239,1207.832798,82.41888907,1086.227206,1333.200547,129442.5754,3089.967505,290844.8509,25.18186518,23.10731291,59.73492034
TrafficFlow_s001,33.0613,14.0753,58.1833,17.0803,372706.55,209753.3275,330825,2645932,1042.90344,39.80005749,964.4377843,1105.892745,130822.3529,3099.275722,295995.0471,26.24605217,23.58265168,61.11456249
TreeShade_s000,52.8714,5.9906,80.1,9.8083,534913.1917,416215.9001,327142,4981106,882.7691029,1.54016084,878.1363884,885.2667693,116884.9013,3049.240208,227480.633,15.49645333,21.02750935,42.76082021
TreeShade_s001,52.8916,5.35627,80.2917,8.8827,482546.4167,422991.9596,259770,4892442,878.1765611,2.902545497,872.1102751,883.540084,116724.6455,3044.381536,227295.4483,15.37285211,20.77939364,42.71121264
Unspoken_Friend_s000,17.3257,5.42704,15.0167,4.7488,66898.96667,133088.7756,0,1478097,1388.29878,808.4697041,0,2007.156,151018.4571,3290.687869,292107.1662,41.82278921,33.35741432,60.07307123
Unspoken_Friend_s001,29.3999,10.3071,22.7417,13.0563,161369.45,151832.1636,101846,1786425,1577.053135,8.78665367,1551.817953,1598.761232,133160.4093,3220.092723,251408.5008,28.04933505,29.75236205,49.17065271
Unspoken_Friend_s002,37.8532,6.50899,41.0083,7.6308,157138.4083,315729.6972,94405,3186300,1797.499618,69.69576578,1575.158874,1889.698536,140711.3594,3256.406465,294200.6159,33.87318917,31.60678048,60.63386761
Unspoken_Friend_s003,15.5153,18.5635,20.6333,16.7679,181506.5,330061.1562,118405,3747258,1012.995448,389.9962375,471.6351063,1787.288584,129705.6656,3146.072386,215020.5576,25.38477989,25.97239698,39.42299682
Unspoken_Friend_s004,26.0357,8.79532,21.5,8.2175,72449.93333,63239.04337,27993,456301,723.1088979,53.23455917,611.7663642,847.1165174,139845.3882,3240.266253,267511.7384,33.20528784,30.78255513,53.48441176
Unspoken_Friend_s005,29.5405,2.09348,22.4833,3.5125,59524.53333,242876.9668,27005,2604727,1340.570314,487.6310638,693.0254257,1725.221899,155242.5306,3296.529709,313523.6582,45.08070873,33.6557371,65.81015267
Unspoken_Friend_s006,23.2204,8.91898,23.2667,9.678,91582.85,157407.6192,22871,1452182,2925.819954,965.2019346,975.2590731,3625.582804,137693.3302,3228.15977,269150.1824,31.54546069,30.1643185,53.92332053
Unspoken_Friend_s007,17.6576,9.76889,17.425,9.2974,65642.41667,102719.6159,22756,904054,2606.270097,1502.574941,979.9505014,4220.079316,148913.3001,3272.931089,303211.8405,40.19913565,32.45063637,63.04780775
Unspoken_Friend_s008,21.9041,20.271,30.55,20.7741,215539.2333,143700.8458,67576,1220759,2393.01615,989.8624409,1456.130999,4214.780971,119806.4587,3051.607373,204396.2251,17.74977557,21.14839236,36.57693497
Unspoken_Friend_s009,19.6643,13.3093,27.1667,14.7556,184367.6667,278575.5326,51917,2739459,1940.246498,70.37392134,1812.295374,2094.529823,127890.5279,3143.593748,211836.3941,23.98481072,25.84582145,38.5700184
Unspoken_Friend_s010,16.2983,10.844,21.65,10.0023,90441.925,86855.41028,45030,912431,1757.542446,158.4067695,915.9001553,1834.271653,137988.0335,3216.524867,241803.2384,31.7727578,29.57016386,46.59758086
Unspoken_Friend_s011,14.7277,9.19668,12.1,7.0045,59207.68333,46468.14612,39462,557631,1061.922462,76.38735401,939.0330278,1291.759868,149130.6872,3281.96039,278480.5055,40.3668007,32.91173185,56.42274126
Unspoken_Friend_s012,15.6383,8.91383,12.0833,6.6933,55818.925,47655.3291,37005,570312,996.5769108,64.70639883,904.5597113,1120.728015,152972.5552,3295.300989,295470.8815,43.32993496,33.59299057,60.97414823
Unspoken_Friend_s014,13.9288,14.5436,14.1,11.5422,76616.29167,74999.80002,54273,820051,2614.573197,227.5626885,2069.517495,2967.287898,142436.4494,3250.196557,262941.5752,35.20370686,31.2896617,52.26014967
Unspoken_Friend_s015,22.6906,16.6077,18.0667,16.9429,100217.675,119527.8478,76940,1402588,2107.866232,241.4888111,1643.505602,2423.796292,140284.3839,3242.686029,282771.5718,33.54387391,30.90612476,57.57223842
Unspoken_Friend_s016,21.3734,14.2445,15.325,14.2759,89484.26667,92023.8147,70838,1090998,2079.015258,46.42044321,2000.355125,2212.687658,144590.8193,3265.420654,287558.8618,36.8653171,32.06710419,58.85466473
Unspoken_Friend_s017,24.2724,13.9671,19.2083,14.8785,93352.99167,111538.8109,72666,1306264,2054.68978,23.08986264,1995.779853,2091.526839,142960.7543,3255.135026,285989.6048,35.60808972,31.54185241,58.43428986
Unspoken_Friend_s018,27.4293,12.0047,28.6917,12.804,127396.5,187853.6998,45235,1767054,2093.673054,41.97813796,2007.453447,2147.226401,138459.8742,3229.811084,280024.7431,32.13667641,30.24864545,56.8364139
Unspoken_Friend_s019,27.2009,8.09066,24.0417,9.2388,96033.825,206698.9058,49233,1708600,2072.389195,23.93596929,2038.278095,2108.461067,144620.2706,3266.854808,291924.0646,36.88803212,32.14034156,60.02402168
Unspoken_Friend_s020,26.7896,12.9806,28.6583,14.4536,120941.825,169224.8624,76152,1956077,2145.421938,55.27763235,2058.47557,2218.164555,138211.9731,3228.46574,286534.2782,31.94547665,30.17994332,58.58019776
Unspoken_Friend_s021,21.503,17.1422,17.5917,17.1653,106854.375,152346.9458,81839,1767534,2409.068897,206.1774679,2113.465832,2756.487966,138731.3404,3235.820913,277794.3938,32.34605133,30.55554685,56.23894464
Unspoken_Friend_s022,17.0599,20.4791,13.8417,17.1285,89622,70671.76135,62205,844619,2142.549091,343.8719359,1648.489945,2678.55331,138590.7423,3236.129667,270946.7625,32.23761164,30.57131382,54.40459105
Unspoken_Friend_s023,16.6163,15.4936,12.3417,13.0991,78858.825,81726.70149,44130,947964,1346.678711,244.8705845,1018.097455,1820.239652,142328.4879,3250.19166,275697.6833,35.12043887,31.28941166,55.67727472
Unspoken_Friend_s024,13.9089,14.5208,13.075,10.8202,83728.54167,88330.14551,39870,795234,1743.502907,241.806618,1335.137879,2255.078273,141587.153,3243.693217,247927.7892,34.54866633,30.95755842,48.23823456
Unspoken_Friend_s025,17.6439,16.8228,19.65,19.8243,140172.7417,157769.4723,38866,1677869,1583.989919,193.5119466,1275.084435,1897.842991,133310.3719,3193.593996,237750.421,28.16499736,28.39916285,45.51190615
Unspoken_Friend_s026,16.7474,7.28581,16.3333,9.4101,121796.5167,316158.7555,27911,2737742,1011.066166,224.9227893,870.7257255,1686.109549,142624.1,3256.322646,261522.3165,35.34843694,31.6025001,51.87995657
Unspoken_Friend_s027,22.4081,18.4538,21.6,17.8166,125286.8,145898.9265,96278,1714752,1257.085691,45.94875859,1158.344134,1346.804654,132959.9248,3183.216864,265033.1454,27.89470655,27.86923823,52.82044259
Unspoken_Friend_s028,25.0333,20.291,21.325,18.5094,122775.0333,131437.5727,91197,1550487,1546.472522,152.110301,1251.129234,1739.360383,133866.7759,3193.375811,276975.5053,28.59413752,28.38802087,56.01957957
Unspoken_Friend_s029,25.0556,21.212,21.1667,19.8786,123437.25,170152.3144,87474,1975272,1707.957927,65.96874527,1596.596182,1825.668347,134088.9102,3198.867995,275012.1161,28.765464,28.66848791,55.49362398
Unspoken_Friend_s030,23.2558,18.6778,27.8833,18.6048,154448.2833,187797.8901,84836,1578518,1201.02977,183.0096836,982.005599453552  ,1595.441818,130339.4799,3178.949782,253702.3561,25.87362458,27.65133298,49.78513405
Unspoken_Friend_s031,26.6405,15.1442,42.1833,16.4174,208644.175,227602.4762,132599,2664557,1225.724878,38.78276699,1103.67870273987  ,1309.063767,127747.3055,3159.89314,255012.8011,23.87434696,26.67817556,50.13617799
Unspoken_Friend_s032,21.1696,19.6975,30.825,20.6938,174064.0667,192863.931,106088,2240511,1317.161609,117.1524219,1157.30205485768  ,1711.256731,124004.1933,3113.584193,211691.2823,20.98738061,24.31333627,38.53114564
Unspoken_Friend_s033,18.6653,19.8849,25.1417,19.4826,191910.5583,310389.6655,119805,3559026,1686.165724,172.0136145,1377.19253586409  ,2029.895532,123302.1966,3115.833546,191631.5914,20.44594856,24.428203,33.15752606
Unspoken_Friend_s034,11.6923,17.0087,13.9083,9.7378,83425.83333,101292.4887,36428,1123733,1663.658844,818.6570372,614.957144825817  ,2918.046938,136228.8784,3216.498639,233944.2721,30.41596654,29.56882446,44.49230936
Unspoken_Friend_s035,16.5988,10.8075,16.975,9.2431,66636.23333,93109.15448,47632,1080915,869.663289,151.8965639,654.047371582975  ,1100.477809,146179.0567,3263.30312,285976.2833,38.09028382,31.95896899,58.43072128
Unspoken_Friend_s036,16.9863,10.7466,16.5,9.1173,65623.49167,72096.34575,49467,850739,927.5737317,117.5048985,759.381350750124  ,1102.31738,146450.3195,3263.578168,286972.8434,38.29950188,31.97301476,58.69768125
Unspoken_Friend_s037,20.0439,12.1226,22.7333,9.8105,86559.75,147980.3736,51853,1341358,1350.616151,457.6903696,734.178966968870  ,1738.440796,140754.9543,3240.227848,276883.7473,33.90681278,30.78059392,55.99499931
Unspoken_Friend_s038,19.8445,9.08064,19.2417,8.4217,82649.33333,135955.8902,0,1439323,1898.408643,91.40240199,1741.25090773978  ,2046.329728,141426.663,3242.735394,270422.8974,34.42488452,30.90864568,54.2642573
Unspoken_Friend_s039,24.8792,8.58349,26.4083,8.4125,116304.7667,138541.834,0,1464492,1075.023224,363.0815661,890.944788834326  ,1824.171896,130552.0116,3174.006678,239930.8261,26.03754482,27.39890559,46.09599629
Unspoken_Friend_s040,27.6417,10.0107,30.85,9.6294,140770.9,173453.5862,104780,1793078,894.6745946,25.3065589,882.034490681525  ,972.1025195,125246.512,3121.038712,223423.1727,21.94554908,24.69401299,41.67390175
Unspoken_Friend_s041,20.7216,9.97548,22.7083,7.9688,119549.5333,101957.7796,98435,1230248,952.0933163,10.7368117,929.414459095236  ,970.278154,130602.0088,3149.026537,232595.2815,26.07610641,26.12325538,44.13093978
Unspoken_Friend_s042,20.8812,10.1677,23.0417,8.0255,124210.775,101482.4517,105223,1230193,928.8410679,9.669359994,911.495831305135  ,948.86064,130003.3346,3142.864882,231545.3039,25.61436432,25.80860074,43.84967022
Unspoken_Friend_s043,21.0063,10.2661,23.3583,7.9843,126756.5417,93549.78148,109663,1146472,909.4896312,6.934708612,894.494047239048  ,923.4178698,129907.824,3141.867266,231930.9129,25.54069945,25.75765591,43.95296774
Unspoken_Friend_s044,24.7532,13.0482,27.2083,14.7701,310980.2833,143428.6748,116723,1445683,1047.766915,33.12418183,904.127504059987  ,1116.760704,124753.5302,3130.170477,200097.4411,21.56532487,25.16034098,35.42537037
Unspoken_Friend_s045,28.8504,3.04809,16.3917,5.5041,64096.86667,155528.4344,0,1375904,434.2990087,511.2552453,0.616035145540613 ,1367.565015,148539.894,3318.70082,293354.6681,39.91113703,34.78793979,60.40725386
Wood_s000,79.637,26.1252,124.725,47.0318,877005.0667,1211599.138,270226,13918465,4960.314984,57.93124821,4830.378476,5026.825033,107752.7939,2968.230332,253767.8215,8.453093174,16.89061247,49.80267102
Wood_s001,69.9413,41.1011,103.5417,84.9795,777954.4667,940849.7459,632025,11025891,4976.156657,65.8795902,4829.155539,5044.324135,106290.2961,2923.319531,249691.8189,7.325106108,14.59717171,48.71078543
YachtRide_s000,30.2587,20.9152,36.125,42.0595,533923.1833,430183.0645,0,2416494,2168.447297,786.5993647,552.7344591,2887.630797,108421.1761,2911.510972,122613.2433,8.96859919,13.99414904,14.66878919
