video,si,ti,e,h,mvResMean,mvResStd,mvResMin,mvResMax,pixVarMean,pixVarStd,pixVarMin,pixVarMax,klpips,klpips_trans
AncientThought_s000,4.93421,13.2903,4.8583,3.4905,24366.275,3875.307581,14793,31310,4149.189365,2203.163251,2.361801854,7406.923372,548.5733402,32.43053508
AncientThought_s001,5.01841,4.51282,4.4917,2.013,19699.375,4857.102828,16939,70427,1393.611897,625.8541725,530.6022191,2788.161676,439.2871907,25.889838
AncientThought_s002,18.0281,3.19386,11.6,2.7683,22704.3,6062.738344,14023,60001,1853.812244,728.5288382,579.7705363,2817.551407,403.0540169,23.72130873
AncientThought_s003,45.1816,2.32865,25.625,3.3057,137779.7917,264122.2617,30259,2256621,2986.346351,380.9776166,2436.160761,3572.352186,506.7382796,29.92673693
AncientThought_s004,21.4646,1.51187,12.9667,3.0876,38455.475,222013.6038,954,2456204,1339.693861,1430.79534,1.968450384,3688.397601,203.9044058,11.8023484
AncientThought_s005,8.89555,3.8997,4.6083,3.8818,12238.48333,4674.409303,7460,60907,460.016059,187.8011757,84.94685131,724.1739304,96.45041656,5.371304788
AncientThought_s006,11.0208,4.04023,6,3.9819,16201.6,25532.49316,13134,294696,780.4868932,20.56570782,725.0334307,797.9842664,102.7793206,5.750085122
AncientThought_s007,10.0273,2.47309,5.7833,3.1267,15284.93333,22361.75238,11724,259117,735.5085936,32.04873194,686.8442554,787.6361496,102.4573124,5.730813167
AncientThought_s008,8.29509,3.2707,6.175,3.1214,20960.04167,22699.40983,11496,217253,494.0722155,148.3932344,333.8829048,695.2213556,138.9471238,7.91470201
AncientThought_s009,8.44365,3.11873,9.425,4.0734,51934.66667,29372.08639,17168,247174,2319.98231,1275.991798,409.8957947,3335.346092,728.1478729,43.1779411
AncientThought_s010,9.1112,6.37751,6.875,5.8669,31969.225,30829.38055,15255,253028,1438.20703,970.7445024,221.656504,3505.028615,310.1936314,18.16368175
AncientThought_s011,5.45364,4.47137,4.7583,5.031,17114.81667,7679.51934,11769,79966,212.7015497,27.21795505,162.3258265,313.6676316,189.1399813,10.91870826
AncientThought_s012,10.8343,2.60771,6.65,4.0445,22748.93333,39219.70875,14262,446910,706.2311717,400.9180994,221.3620819,1047.056701,157.379002,9.017836603
AncientThought_s013,11.6624,7.21843,6.9833,4.4232,27713.06667,45101.2066,15856,474673,1307.358548,212.2125512,1025.768148,1600.929831,187.006378,10.79101365
AncientThought_s014,8.29821,9.03457,5.9917,5.3393,22162.43333,23819.64515,14294,274066,1203.782724,158.772195,694.3501642,1409.611997,162.0960928,9.300151079
AncientThought_s015,7.94334,9.39928,6.2417,6.1864,22846.85,19513.14077,17599,189363,1449.074611,316.0664305,1046.002338,2343.632724,161.8041381,9.282677798
AncientThought_s016,11.3496,5.95885,7.0917,5.2558,25580.86667,32479.64514,17765,291637,1498.050332,805.7867621,898.7326015,2794.554032,144.2432049,8.231668634
AncientThought_s017,10.1888,6.88552,7.0333,5.092,27747.45,26003.78964,19920,285606,1322.811989,531.5563716,974.0284015,2642.659401,165.7343234,9.517896549
AncientThought_s018,8.13862,8.27256,8.025,4.8051,32675.325,8321.361211,25227,114382,1376.064342,763.2251864,276.52267,2614.648443,296.1381398,17.32247074
AncientThought_s019,8.0651,2.55798,6.2167,4.4213,24828.875,26797.60188,11733,239815,614.2352519,363.139558,233.5387473,969.4960668,158.0995195,9.060959056
AncientThought_s020,10.4865,2.88577,8.6667,4.1738,29035.825,17083.79388,24024,213863,239.7979171,2.709739436,235.4171725,246.4291586,212.9683109,12.34481657
AncientThought_s021,9.62826,6.01448,7.3417,4.275,34099.375,35531.91866,20903,355525,2383.235903,1691.066691,236.5079954,4705.042401,405.3466172,23.8585192
AncientThought_s022,4.27445,2.98993,6.325,2.7527,29476.2,6740.785155,21407,84617,2304.997965,1867.131324,160.7757341,4274.374173,524.594877,30.99544138
AncientThought_s023,5.61096,3.46706,6.5,4.5387,28510.275,11574.58918,17491,134004,211.5389458,167.2951329,58.9582116,1139.175755,346.3396053,20.32699217
AncientThought_s024,7.2722,6.84138,5.2,4.7389,23526.84167,17198.77877,13616,141538,1127.608751,193.4012643,753.1254485,1670.894216,192.6577263,11.12924276
AncientThought_s025,5.73479,8.69526,5.5833,5.479,32723.5,14413.53619,16480,165207,1036.658582,79.24468932,817.9434453,1238.621978,304.3600717,17.81454742
AncientThought_s026,5.62362,5.72347,6.0167,3.5542,24994.625,9595.394646,17565,91001,1038.417177,211.2936154,782.6172247,1791.87617,305.7914621,17.9002151
AncientThought_s027,6.11623,1.35748,3.1667,3.5873,10702.13333,12418.74921,4777,104862,360.6417937,355.6199634,132.089569,1063.191554,108.7564309,6.107810857
AncientThought_s028,5.02611,3.80015,2.8333,4.6207,11839.94167,5880.161495,6111,65876,61.32176549,47.43082951,32.8970467,342.2407682,78.99996726,4.326908007
Busy_City_s000,18.3076,16.9664,9.3417,12.2843,79504.175,36133.13742,0,152648,1580.674819,629.2038071,0,2155.285053,412.404221,24.28091168
Busy_City_s001,25.7398,11.7662,18.7083,10.0884,94859.35,98851.22686,45381,1136428,1689.315291,204.9262213,1265.906821,2044.60951,526.4941994,31.10911445
Busy_City_s002,32.4491,6.54991,27.05,5.2378,74052.11667,219268.6851,30377,2451414,1599.984483,59.7741011,1319.257494,1704.232722,373.1487575,21.93150056
Busy_City_s003,21.3778,1.73425,11.6083,2.0847,25357.18333,128403.4701,6131,1417295,1714.040598,184.8220997,1226.598594,1809.302688,154.3654986,8.8374806
Busy_City_s004,20.7021,2.54971,10.9417,2.5681,24358.95833,92340.12127,9748,1026720,1783.773701,14.40915958,1754.568004,1811.546486,157.0393719,8.997509984
Busy_City_s005,19.2588,4.84364,11.7667,4.4154,37777.00833,102223.4361,8281,1142110,1210.778676,323.3610288,917.4856182,1790.210515,300.8190135,17.60261764
Busy_City_s006,18.3489,6.45377,11.3667,4.9125,40770.00833,74858.5448,20167,845857,1061.634298,10.00393035,1034.372096,1084.3297,292.8468477,17.12548928
Busy_City_s007,18.2893,18.2658,6.6833,5.5916,32044.65833,70316.49135,3438,767493,1639.351557,861.7467116,712.3096434,3381.909005,194.0387507,11.21189608
Busy_City_s008,18.2696,11.8711,10.2917,6.8422,42237.63333,71716.58853,6350,793593,1163.490753,796.2384786,744.9460094,3379.989382,340.5340562,19.97953425
Busy_City_s009,16.2014,5.29122,7.875,4.6502,35377.30833,64854.57933,22408,738627,921.5222869,108.741335,680.0242675,1044.682432,248.5967242,14.47715136
Busy_City_s010,18.6256,5.1314,8.1083,3.9833,34715.96667,51129.7653,20388,581014,1049.747103,31.49541309,969.4577472,1100.470708,154.8243121,8.864940254
Busy_City_s011,18.2645,5.60412,7.825,4.4393,35525.35833,63477.66301,15200,717302,1020.904263,28.47206457,963.8700151,1072.736185,160.0473929,9.177537868
Busy_City_s012,25.8375,5.67655,17.825,4.778,35208.89167,53886.76313,9070,611218,1380.056373,370.6589421,813.2089223,1781.132873,282.4466757,16.5030465
Busy_City_s013,31.6243,5.6595,23.7833,5.8361,59940.44167,186488.7788,23345,2080519,1753.151093,38.19564964,1724.160751,1891.278544,226.0458205,13.12749607
Busy_City_s014,25.504,15.6519,15.5667,15.6548,98051.98333,177001.6718,53725,1997085,1389.504655,758.2474664,811.1539939,3313.638623,412.434085,24.28269902
Busy_City_s015,21.8409,16.7378,11.4667,13.7387,81525.43333,98271.41013,45991,1105083,1190.361254,710.9789841,621.9694845,3179.920901,407.2369956,23.97165698
Busy_City_s016,21.4792,8.56842,12.4167,8.5454,53378.84167,63264.53027,27291,728140,941.0235336,429.2840031,562.2748491,1697.065816,470.1443082,27.73661418
Busy_City_s017,20.6739,7.93124,6.1667,3.8397,23116.95833,73398.14688,8142,817443,2126.105168,171.0810458,1455.821622,2383.363138,181.1073178,10.43795916
Busy_City_s018,28.7125,7.9396,18.8083,6.661,53579.31667,88145.89863,9360,971062,2164.300503,249.7362524,1613.410013,2703.745315,348.7694567,20.47241702
Busy_City_s019,41.5544,6.10839,34.8917,6.3828,87564.65,311034.3994,32319,3459132,2231.602179,30.42059821,2182.074593,2279.467432,278.6788295,16.27754363
Busy_City_s020,34.338,11.567,24.6083,13.6677,130943.625,314657.5954,61170,3537449,1970.232888,388.1783513,1454.039643,2576.512801,421.6155179,24.83220115
Busy_City_s021,32.7794,6.8029,24.9083,8.7228,91115,134998.5349,18776,1383480,1907.845937,319.3845478,1455.843164,2398.65119,410.5437027,24.16956101
Busy_City_s022,29.2655,3.13662,20.8333,2.5819,39912.95833,160908.1001,16954,1787116,2118.343482,3.969147457,2107.021654,2122.761752,194.4884075,11.2388077
Busy_City_s023,28.2769,2.98301,18.6583,2.9089,34264.31667,167808.5573,7707,1853781,1606.791758,191.4139927,1302.743296,2126.089886,254.021831,14.80184009
Busy_City_s024,29.9242,3.91873,18.9333,2.3901,31195.81667,167110.818,9005,1846152,1595.43799,15.59594914,1559.022188,1622.105556,139.4736413,7.9462137
Childs_Play_s000,32.5739,4.30521,43.7917,7.5541,94167.025,120055.2082,0,756866,1405.505257,559.7574962,0,1775.547818,337.4877551,19.79721533
Childs_Play_s001,28.8975,3.98623,26.3417,6.1078,96126.00833,346646.7246,9943,3717834,1741.765458,117.1729737,1495.423904,1841.485489,288.83733,16.88552254
Childs_Play_s002,26.2859,3.9738,17.2083,4.1771,41826.10833,130345.607,7344,1451727,1746.845582,103.3328138,1533.199461,1836.413663,222.8413403,12.93571025
Childs_Play_s003,27.7973,10.4848,22.4167,11.0221,82373.8,163078.7031,40563,1856471,1638.162632,85.30665509,1379.693343,1712.741941,265.9026292,15.51289727
Childs_Play_s004,19.9492,1.10352,11.0417,1.3305,16778.88333,75489.02397,2995,830146,1663.773726,62.83292881,1392.233875,1684.14033,119.2180007,6.733928246
Childs_Play_s005,19.8971,3.47611,10.975,2.1768,25402.68333,74400.88735,7480,831866,1678.130536,34.3117951,1574.070497,1719.362304,136.9635954,7.795989266
Childs_Play_s006,21.2154,2.02888,16.1583,3.1966,26494.09167,71504.88956,13690,805680,1889.924132,37.98698509,1690.256606,1941.523158,317.1520354,18.5801372
Childs_Play_s007,22.5966,2.1048,16.6583,3.0321,33058.04167,104415.3164,10993,1169190,1803.413152,114.7997926,1572.231077,1916.855234,291.7048321,17.05714047
Childs_Play_s008,25.2435,1.82007,16.175,1.9556,37018.51667,125927.8305,14756,1410150,1712.873734,5.72196153,1703.901465,1731.971195,147.0344251,8.398721149
Childs_Play_s009,23.2676,5.35562,14.0333,4.2021,48079.65,126329.3903,17950,1420018,1653.354008,94.83938113,1415.413362,1718.31711,251.2395465,14.63532237
Childs_Play_s010,20.0896,11.3776,9.1583,7.69,59635.775,79719.34394,36548,924152,1663.932877,17.64025125,1637.318909,1713.722826,261.191467,15.23093762
Childs_Play_s011,20.5581,8.94209,9.9167,6.5313,41804.44167,81949.99042,17127,924984,1666.579271,16.61431356,1639.767427,1714.522164,218.7146213,12.6887291
Childs_Play_s012,20.6477,1.65305,9.9583,1.8795,21433.45833,94506.10773,4283,1048829,2423.888328,581.3442218,1551.521926,2903.987154,140.7638108,8.023429413
Childs_Play_s013,21.6254,3.38059,12.3667,2.9565,37602.15,91092.66596,5274,989438,2407.215483,562.4960924,1527.729767,2905.202926,236.0806655,13.7280743
Childs_Play_s014,24.7925,9.00207,17.9667,5.671,67264.93333,121509.5188,36265,1388030,1817.770342,13.54035245,1795.184477,1865.105611,268.1129067,15.64518079
Childs_Play_s015,25.0003,6.02037,18.2167,3.6344,49920.758,118356.236,14524,1330726,1796.185,11.96572051,1782.668629,1832.78491,202.8976598,11.74209538
Childs_Play_s016,27.9229,4.55198,18.1167,3.4503,41856.95,123447.023,18748,1386230,2448.070796,472.023091,1788.030375,2863.825743,300.5544818,17.58678561
Childs_Play_s017,30.2154,1.33038,18.0667,1.4266,42680.791,168846.21,20122,1884211,2830.483118,1.264604985,2827.667235,2832.433089,180.3969426,10.39544371
Childs_Play_s018,30.1994,1.01936,18,1.2981,38898.925,167517.128,18651,1866074,2826.477628,0.939768555,2824.053939,2828.257869,173.3587089,9.974210512
Eldorado_s001,27.6226,6.35168,22.45,7.7836,129388.7333,387027.8529,40367,4253614,3239.146244,481.8109005,2824.139745,3968.119074,287.6787975,16.81618521
Eldorado_s002,34.8026,3.28015,31.0583,6.1072,155278.8417,407705.9447,56798,4526311,2632.199479,1400.628961,901.797233,3951.66482,437.6224937,25.79020708
Eldorado_s003,38.8134,17.7793,49.4417,25.3103,375429.3583,555998.8103,56499,5973003,1508.797322,122.102265,1277.943369,1819.401754,395.9667146,23.2971388
Eldorado_s004,58.5047,22.0686,85.2083,27.5187,650666.2417,659483.8492,316057,7723648,2085.309692,118.679075,1833.853081,2215.566117,405.0572856,23.84120291
Eldorado_s005,55.4637,3.40129,100.375,9.2266,412619.5417,1108819.613,196178,9617071,1616.657444,171.8063624,1525.081928,2216.030346,305.3061491,17.87116947
Eldorado_s006,48.0681,4.40633,83.4417,10.4996,308996.4083,907947.5468,74664,10172647,1975.806453,364.4278532,1779.160269,2667.346712,277.1314674,16.18493513
Eldorado_s007,10.2709,6.93098,14.425,6.3716,81221.775,36784.27163,74078,481142,2728.838602,151.2877706,2613.190783,3106.195215,462.2540064,27.26438532
Eldorado_s008,11.3488,9.33052,15.2833,7.5488,100119.3417,40932.88318,82144,528914,2807.190936,282.4356433,2089.955435,3092.85793,584.3035125,34.56896007
Eldorado_s009,10.3548,13.0604,14.35,8.6934,100919.6917,23265.70729,73648,317309,2976.595712,288.9333479,2453.995872,3394.799802,653.5263969,38.71189968
Eldorado_s010,34.4035,15.9688,47.5583,22.5972,329307.4917,180942.3866,0,613799,2068.866964,282.979313,1405.01712,2613.763391,927.7870989,55.12620453
Eldorado_s011,39.8074,19.0843,60.8917,28.4841,903527.15,543059.7576,0,4182745,2284.969745,340.2841722,1789.179241,2919.91038,1272.212762,75.73983157
Eldorado_s012,48.4083,11.121,60.575,18.9295,1073360.25,831886.8027,0,5094999,3257.425243,255.0178973,2935.481303,3711.500762,1172.753259,69.7872522
Eldorado_s013,37.4185,14.1733,37.4667,23.6811,563273.8167,484849.4434,70616,3627420,3025.738984,644.3395356,1521.247549,3627.66907,1027.417988,61.08904123
Eldorado_s014,21.8987,16.3152,28.9083,33.0319,553983.9583,325834.5725,345764,3494130,2052.63989,1065.641257,1218.693968,3622.744396,1340.385206,79.81990313
Eldorado_s015,18.1429,14.0394,23.95,34.2602,471032.0583,36744.85727,403333,771195,1517.195204,123.9168849,1397.02156,1890.713169,1376.961087,82.00894315
Eldorado_s016,21.5666,13.834,27.225,34.3115,476725.0667,316263.6037,375472,3894504,1878.282698,904.1195112,1257.595494,3883.560082,1301.158429,77.47220883
Eldorado_s017,43.1053,7.30249,48.725,14.9092,493733.1083,366685.1746,425696,4489167,3857.468376,59.81095205,3746.095836,3935.700743,778.1506184,46.17056929
Eldorado_s018,30.9621,9.57236,35.9583,14.5351,331748.8083,402962.7836,127839,4367134,3280.71161,702.1388422,2331.228262,3959.70792,833.8507436,49.50418154
Eldorado_s019,27.8145,12.469,27.8083,13.2198,169085.5583,83056.68375,123545,1005671,3266.423022,71.35220886,2997.626843,3360.450994,558.222026,33.00800195
Eldorado_s020,17.5612,2.87196,18.1583,5.4785,100243.4917,268328.7268,0,2883027,1626.016977,901.7541452,1054.955739,3372.354737,411.8335428,24.24675701
Eldorado_s021,27.1819,2.14625,31.0417,4.2268,89694.375,152669.1438,0,1648155,1342.276687,97.38651013,1262.732549,1628.145372,236.213916,13.73604924
Eldorado_s022,24.1177,1.73868,28.4417,3.4597,80541.45833,125017.3566,55054,1440194,1711.874254,34.22062608,1637.240551,1760.765443,232.1790496,13.4945654
Eldorado_s023,19.9672,10.2563,28.275,16.2259,149692.4333,225302.2419,52946,2259313,1320.349653,228.2645056,971.7424473,1653.181115,689.1951804,40.8466506
Eldorado_s024,28.3589,20.4182,37.5,35.0469,276446.825,86595.2868,181687,1026981,1341.40116,188.7546553,944.9764992,1786.838206,1133.314353,67.4268622
Eldorado_s025,32.1871,19.3036,44.9583,33.5665,528328.575,311608.1966,256642,2791710,1308.85213,113.7628769,1116.046334,1497.492423,1465.05594,87.28135647
Eldorado_s026,24.2655,16.1879,40.4417,24.1716,341665.4583,275714.7992,216252,2413683,925.0369379,49.9024342,840.7478563,1167.559863,1327.677675,79.05936653
Eldorado_s027,21.5939,15.1735,34.725,22.2576,261271.425,133116.3945,185282,1636075,901.9928448,43.75005918,835.6336908,970.1720003,1220.46601,72.6428259
Eldorado_s028,24.3922,15.1568,37.0833,20.432,297093.6167,136467.7367,244988,1766567,756.2408333,31.50960025,700.1688229,842.1718496,1252.009501,74.53068104
Eldorado_s029,41.7106,21.2881,52.55,31.1111,484039.05,533548.4791,200609,5814146,936.4050949,100.6743797,734.1638118,1115.010897,712.3180364,42.23053683
Eldorado_s030,56.5509,13.1776,73.9917,19.1079,517986.225,796360.7592,158334,7174360,1416.605513,369.1995223,867.036823,1707.115447,498.3286252,29.42342519
Eldorado_s031,52.9428,12.1122,73.175,16.0255,407597.8583,532254.4458,347475,6212204,1771.583661,37.05904023,1708.995163,1833.486824,508.45099,30.02924141
Eldorado_s032,54.6961,9.80965,76.025,14.0631,469655.7333,543758.4825,363088,6394675,1871.537729,18.9516409,1835.116263,1900.976224,489.2485638,28.87999007
Eldorado_s033,44.7519,4.38051,62.3583,10.2629,375695.775,600864.2795,17069,6644263,1366.204733,714.9513522,20.8275111,1923.075685,407.8093668,24.00591298
Eldorado_s034,70.5166,0.334728,33.375,2.0236,3781.375,7640.443473,0,63639,943.9289037,464.7605073,0,1224.143454,6.703221279,0
Fun_on_the_river_s000,26.868,4.89632,23.2583,6.7718,111995.1,34385.06022,0,170572,1543.359386,617.8648426,0,1889.675152,491.0762103,28.9893734
Fun_on_the_river_s002,19.4174,9.83799,18.4,25.1461,233115.8667,100331.4033,151026,1288761,1078.152234,209.8278393,930.3086881,2009.654084,930.4081861,55.2830747
Fun_on_the_river_s003,19.7092,10.1263,18.7417,26.1277,237672.2917,70074.21226,196411,974854,1070.700551,64.80042544,937.9260873,1196.433031,896.5322597,53.25562499
Fun_on_the_river_s004,26.2356,10.2037,26.675,24.0976,465754.725,151376.6771,177716,932753,1383.474269,274.4096476,843.2978744,1621.383961,975.8122448,58.0004748
Fun_on_the_river_s005,30.0923,12.6473,31.6417,30.7935,606665.2,116903.835,529590,1834633,1771.164226,104.9798173,1569.929253,1942.159303,974.8272677,57.94152464
Fun_on_the_river_s006,28.1464,15.8009,31.0167,41.3912,595067.475,152351.8065,457350,2149450,1915.576169,127.6401351,1617.984464,2040.044015,1056.191247,62.81110001
Fun_on_the_river_s007,23.7185,12.0242,25.6333,28.8211,364393.8917,137824.0871,230848,1615121,1420.838318,133.2856113,1114.882679,1631.464559,999.1812746,59.39909435
Fun_on_the_river_s008,24.0546,10.7831,26.4667,28.1296,360045.8583,97387.47865,320519,1400235,1495.876591,25.09583179,1458.075421,1549.188721,976.9737608,58.0699907
Fun_on_the_river_s010,22.2452,15.6573,20.0167,61.7187,509554.4667,82365.72712,408196,913105,1052.419558,204.1706679,809.2157053,1427.265607,1148.844357,68.35632172
Fun_on_the_river_s011,23.1969,12.8471,24.2667,40.5659,461259.1333,183617.7095,202107,1443879,1423.090392,106.2854026,1168.238264,1560.548064,1160.668137,69.06396638
Fun_on_the_river_s012,24.4633,9.2532,26.4167,18.6038,289751.1667,105019.3615,262215,1428581,1560.291645,17.71311707,1525.081322,1598.23486,875.420313,51.99209023
Fun_on_the_river_s013,23.2301,9.63219,25.575,21.8255,289751.1667,105019.3615,262215,1428581,1524.149287,107.567089,1268.146455,1601.966286,940.0057465,55.85748176
Fun_on_the_river_s014,21.9975,16.208,21.2667,44.9584,407171.2667,68714.45636,342402,981251,1828.143462,93.84036387,1583.061467,2016.325578,1112.713324,66.19390547
Fun_on_the_river_s015,21.5881,13.3347,20.9583,36.0785,348728.8833,121854.4581,215611,1125832,1587.850519,132.8809799,1345.831245,1829.015465,1106.588356,65.82733055
Fun_on_the_river_s017,32.9284,19.1114,29.7583,46.7079,819942.3583,191299.921,512756,2413420,1576.568428,378.8303768,1076.796102,2443.713369,959.3015371,57.01232088
Fun_on_the_river_s019,18.8467,13.461,17.65,36.0807,308987.9833,87908.16913,208562,870691,1137.845068,131.1731845,894.4732804,1331.101637,1042.619202,61.99882289
Fun_on_the_river_s020,20.2097,14.0991,20.0167,41.8311,392686.5917,111776.6017,259793,1077467,1178.650397,105.8723228,1022.385151,1380.605938,1116.728138,66.43418918
Fun_on_the_river_s021,20.3707,7.69046,18.3583,17.9185,172891.5083,89751.76121,117724,773547,1227.804346,114.9402288,902.1438428,1349.401687,826.9996512,49.09414861
Fun_on_the_river_s022,22.4915,6.05748,20.175,10.7158,131872.35,97493.59419,113867,1193910,1275.645228,14.73842423,1250.107027,1313.701247,645.9641628,38.25930544
Fun_on_the_river_s023,20.9304,9.22936,20.4667,21.7768,241174.6833,136427.8104,114944,1213287,1303.470641,165.3693611,990.5669711,1532.625458,958.696006,56.97608028
Fun_on_the_river_s024,21.2982,12.8753,22.775,33.5633,375335.6417,73779.66398,333493,1152539,1460.168517,29.89818534,1394.442823,1509.364734,1109.267032,65.98764739
Fun_on_the_river_s025,21.1763,11.2385,22.85,30.8213,344080.35,83299.7851,209194,1036888,1380.523746,95.73558244,1144.508143,1484.301244,1072.008039,63.75772356
Fun_on_the_river_s026,23.8938,11.3518,26.5333,30.405,381561,98227.03263,333775,1434593,1438.37915,25.82001227,1380.887796,1510.034243,1007.893344,59.9205054
Fun_on_the_river_s027,23.7523,10.821,26.4833,28.6854,377434.1333,93340.51522,330310,1370383,1427.628431,24.30985489,1376.609589,1474.303772,1015.772628,60.39207484
Fun_on_the_river_s028,22.9464,10.3434,25.3667,26.9326,346285.525,99204.02465,141746,1312052,1366.586471,196.3302746,462.4643631,1451.867214,970.026367,57.6541942
Lifting_Off_s001,30.8039,6.71848,23.375,7.082,84341.63333,130540.6191,55746,1238792,2060.331502,77.79529306,1737.21001,2193.453565,326.7072221,19.15200822
Lifting_Off_s002,38.6931,13.0237,25.175,16.6447,358765.4583,387275.2177,54199,3606412,1846.135894,261.1818017,1433.838899,2184.267631,455.3854316,26.85330608
Lifting_Off_s004,21.8496,9.92483,20.4917,14.2917,182448.1833,192500.7016,46667,1980025,1411.467058,499.0889466,618.8888017,1834.93344,365.5164957,21.4747152
Lifting_Off_s005,25.96,5.53667,28.675,6.8023,161646.0167,185573.7989,132896,2184982,1835.483685,16.34573152,1802.031651,1874.808752,363.7112989,21.36667548
Lifting_Off_s006,20.8657,2.52257,12.5833,3.4426,61285.54167,224610.6837,24114,2414653,846.3563383,302.3616701,723.6004524,1848.253796,154.2813881,8.832446646
Lifting_Off_s007,23.4742,3.07116,15.125,3.5599,65787.68333,203560.1239,23942,2127026,963.5671019,366.3328679,734.6900933,1562.059017,191.4690403,11.05810076
Lifting_Off_s008,32.3432,4.19967,26,3.9307,98643.99167,199660.0862,74217,2276289,1550.028071,16.19874181,1522.25504,1570.774143,296.0111324,17.31486943
Lifting_Off_s009,32.4458,3.99553,26,3.8035,100535.9917,199803.5546,76199,2279582,1513.219328,7.790796451,1500.641425,1532.372021,294.8524911,17.24552559
Lifting_Off_s010,33.247,4.59402,26.3167,5.006,136387.2917,283192.4295,79749,2340398,1518.682589,75.27272042,1466.652313,1692.188712,326.0398649,19.11206738
Lifting_Off_s011,36.0369,4.4939,28,4.3712,137173.6917,253421.1183,99849,2900206,1718.927816,11.42630786,1690.885757,1734.060929,327.9400048,19.22578938
Lifting_Off_s012,35.6438,4.5248,27.7833,4.4627,139339.4833,251767.9376,101012,2883652,1738.974752,7.892878223,1724.321445,1755.076447,315.2831292,18.46828452
Lifting_Off_s013,34.1483,5.40483,27.0417,5.9624,146157.8667,290669.7707,59482,2836584,1789.561046,19.24944342,1750.249702,1825.448657,326.8499732,19.16055178
Lifting_Off_s014,30.6982,4.7662,24.4083,4.4804,86791.78333,182357.1233,53443,2074070,1813.988641,18.54374429,1787.08813,1848.207191,320.0772568,18.75520959
Lifting_Off_s015,30.6672,3.74813,24,3.8131,83984.91667,178049.7549,50471,2023230,1792.900953,14.94469092,1769.293989,1812.468649,306.2352007,17.92677253
Lifting_Off_s016,19.1261,8.42741,16.2167,8.4883,72558.31667,197366.4221,44327,2105904,1683.979158,117.5458335,1465.010288,1908.262283,312.8168107,18.32067714
Lifting_Off_s017,15.2261,12.0567,13.4167,11.294,53630.1,61373.79285,43100,722306,1447.410609,100.4531119,1308.184761,1626.276936,313.7632702,18.37732205
Lifting_Off_s018,12.9172,9.0212,11.2917,8.6111,46344.43333,54555.15263,34998,637648,1057.67081,137.0660518,918.5538967,1416.059889,277.0450905,16.17976553
Lifting_Off_s019,14.386,7.27792,12.1083,7.1018,44740.00833,42618.19309,37244,507504,1031.489197,71.47172878,912.8753223,1286.149726,251.2357473,14.63509499
Lifting_Off_s020,16.7244,4.86007,14.3833,5.3773,51878.14167,100931.0785,33256,1005233,1171.079903,311.8427512,880.9937366,1635.054349,219.5017108,12.73583583
Lifting_Off_s021,21.2728,1.92401,17.4417,2.4558,51489.64167,93461.04824,38184,1069693,1643.522492,6.121067355,1634.878112,1653.309579,173.8556071,10.00394951
Lifting_Off_s022,21.5212,1.83087,17.3583,2.401,49948.95,89595.50044,38776,1026466,1647.569413,5.432450416,1633.804613,1655.425115,184.8129835,10.65974057
Lifting_Off_s023,21.678,1.73213,16.8333,2.6367,50050.81667,99274.42976,16471,1129418,1569.967492,74.01339675,1385.93238,1633.427916,196.408922,11.35374911
Lifting_Off_s024,22.8398,1.88661,17,2.4286,48527.95833,98430.18394,38184,1122238,1634.321788,17.87227357,1604.7851,1663.237483,161.6817793,9.275354712
Lifting_Off_s025,22.7108,2.32463,17,2.72,49339.74167,96091.52793,38021,1097478,1677.871142,8.730479079,1663.240057,1691.212396,163.9080345,9.408594482
Lifting_Off_s026,24.2094,3.06298,18.3,3.8933,71103.65,188532.1714,39982,1831254,1770.082928,162.793027,1690.712005,2163.486347,192.3238831,11.10926249
Lifting_Off_s027,31.184,2.50199,25,3.4711,83351.58333,175169.5472,60136,1992810,2123.610789,8.617496438,2110.590942,2145.856348,233.6857799,13.58474212
Lifting_Off_s028,31.2876,2.42533,25,3.2455,80811.50833,172856.1012,59442,1965608,2104.267833,4.468843312,2098.699396,2114.475151,232.7970408,13.53155173
Lifting_Off_s029,31.1265,2.32327,25,3.1971,81585.29167,172490.1632,59992,1962461,2101.666481,5.247504046,2091.893204,2115.325675,231.394637,13.44761888
Lifting_Off_s030,31.1761,2.57501,25,3.4437,81625.7,173363.9911,61706,1972621,2110.101178,4.791462456,2102.575354,2119.037649,230.4356427,13.39022376
Lifting_Off_s031,33.9321,3.75323,30.1,6.3421,156950.2,264343.9271,63696,2354194,2305.982103,165.1223332,2107.910571,2462.607078,318.0403301,18.633301
Lifting_Off_s032,35.9333,3.904,34,6.6343,186595.1583,238841.8656,160308,2791986,2428.903212,9.226664073,2408.603989,2442.850718,363.7560058,21.36935116
Lifting_Off_s033,35.8075,4.19218,34,6.7375,186216.9333,236125.8122,160519,2761744,2466.638337,37.10709492,2416.579786,2514.197403,362.4708199,21.29243371
Lifting_Off_s034,29.7636,3.59893,28.4917,5.7994,163436.85,259497.3909,107645,2764382,1639.876414,611.7261616,1222.507245,2539.647035,452.8346352,26.70064276
Lifting_Off_s035,27.0755,2.73007,26,4.0618,122262.6167,117332.9682,108510,1401565,1229.384384,2.150839606,1226.035253,1233.500614,475.1818529,28.03810759
Lifting_Off_s036,27.0598,2.48981,26,3.9917,123791.55,118419.4977,108502,1415137,1248.577068,10.17255008,1233.486664,1269.920973,474.5806256,28.00212457
Nature_in_the_city_s000,25.9521,1.95231,18.075,2.9412,57771.475,16819.42315,0,89265,2736.370692,1090.059095,0,3312.280099,295.763273,17.30003523
Nature_in_the_city_s001,33.774,3.42572,21.2833,4.0965,99680.35,137355.684,67944,1596426,2911.907799,106.145095,2609.106899,2962.668918,348.8656142,20.47817198
Nature_in_the_city_s002,22.7618,1.34116,12.0083,1.8149,42106.66667,227629.9212,2431,2506778,1813.776052,397.0973313,1617.345284,2962.380414,123.7964224,7.007943481
Nature_in_the_city_s003,29.8294,2.6018,24.2833,3.4556,26273.75833,91877.55448,2578,1024556,2333.877673,501.2001686,1543.631449,2726.052472,251.0748944,14.62546806
Nature_in_the_city_s004,25.6684,2.34634,19.9583,3.2099,41757.275,238437.2517,7706,2641093,1807.418578,757.9300868,1063.061966,2732.665747,166.7444914,9.578354378
Nature_in_the_city_s005,21.6139,1.37068,16.4917,2.1166,20579.54167,76899.57003,300,854369,1429.800759,403.3775867,1061.439884,2001.835799,131.7562264,7.484331996
Nature_in_the_city_s006,27.289,1.53573,27.1583,2.9026,42973.875,177431.5382,3820,1936983,1869.582474,231.3503719,1337.448679,1997.774236,197.000267,11.38914068
Nature_in_the_city_s007,38.3355,5.99068,51.5417,6.9045,158832.625,357539.0537,38126,4029703,1571.131459,25.37119683,1535.955872,1610.379365,195.1592776,11.2789588
Nature_in_the_city_s008,38.2226,7.39414,51.6083,7.8307,143812.7083,382700.0443,41279,4298169,1583.716582,12.22317168,1553.136662,1606.238065,207.3327667,12.00753332
Nature_in_the_city_s009,30.8296,2.88716,34.9917,4.819,89644.65,379446.4666,3149,4171412,1500.294714,128.9318746,1168.17813,1571.639826,391.2408525,23.01429937
Nature_in_the_city_s010,27.0527,1.56176,31.0667,2.5109,35597.95,206949.0242,4061,2291336,1222.979593,218.2003784,993.9276573,1567.283927,286.1102156,16.72230672
Nature_in_the_city_s011,26.9718,1.98457,32.725,1.9954,33317.08333,168027.8405,6984,1864101,1099.056814,7.640603572,1071.138282,1114.493136,126.3987509,7.163690959
Nature_in_the_city_s012,36.3271,1.28152,34.3167,2.3258,28472.18333,135261.294,3933,1500449,2242.775927,362.4847982,1105.746011,2398.139186,304.547715,17.82577773
Nature_in_the_city_s013,38.0859,1.07422,35.125,1.4021,38816.95,278162.7338,5117,3072737,2394.853097,0.774835078,2393.352252,2396.581844,112.3706921,6.324121776
Nature_in_the_city_s014,31.061,2.80503,34.35,3.5943,56543.78333,275722.3467,6283,3061270,1489.660595,445.8320206,1201.132968,2395.277175,395.0860476,23.24443152
Nature_in_the_city_s015,30.1722,3.60017,35.9583,3.0798,52653.13333,196598.9884,22270,2195803,1246.527143,8.638982743,1229.970001,1257.105899,216.2808883,12.54307194
Nature_in_the_city_s016,27.0043,2.2371,22.7833,3.1538,42608.35833,199318.0045,5178,2210557,1607.041998,373.8969248,1240.56758,2053.329043,220.2232655,12.77902036
Nature_in_the_city_s017,25.3925,0.672711,10,1.223,17947.56667,127453.7116,3899,1408258,2051.272432,1.079905599,2048.825781,2053.648499,59.92202578,3.185106995
Nature_in_the_city_s018,26.1805,1.3909,12.0333,2.2232,32342.51667,128093.6158,2585,1404562,2362.326872,578.7438162,2041.413004,3697.033758,144.2998798,8.23506059
Nature_in_the_city_s019,31.1174,3.71549,20,4.3615,85052.725,180584.0328,54743,2054010,3704.635841,4.33997877,3695.680704,3711.627862,301.0190876,17.61459194
Nature_in_the_city_s020,30.8842,3.98997,20.2917,5.1342,80721.60833,180006.565,55174,2043368,3647.184135,220.0179237,2629.738172,3716.367574,333.4368004,19.55476862
Nature_in_the_city_s021,39.8664,3.11726,33.9333,3.6436,94574.73333,147982.4638,63816,1706634,2586.198247,60.39534167,2379.59953,2610.737994,431.8948453,25.44741146
Nature_in_the_city_s022,37.4232,2.34763,36.575,4.2154,104645.125,298475.7627,38858,3357078,2178.233517,320.9206511,1731.170246,2610.797488,436.4076814,25.71750145
Nature_in_the_city_s023,27.9438,2.77956,24.6,3.8516,80626.225,305319.1594,6451,3387806,1711.359615,263.1001188,1287.316059,2004.225376,215.6973966,12.50815038
Nature_in_the_city_s024,18.6976,3.70934,7,2.3576,15051.53333,69286.92882,5409,770793,1528.409551,1.73133401,1524.818694,1532.207381,61.48793715,3.278825659
Nature_in_the_city_s025,18.7954,2.81758,7.3333,2.1012,16489.45,67927.44462,6477,756882,1548.165981,124.417158,1341.582947,1835.788208,78.22085293,4.280278578
Nature_in_the_city_s026,19.6642,1.20039,8.35,1.3477,17360.98333,86300.45188,4618,958277,1823.052747,21.11327516,1777.039028,1839.379043,55.25080512,2.905537814
Nature_in_the_city_s027,21.5934,2.49432,9.8083,2.2485,20238.40833,78643.12895,6712,876970,1780.463645,59.81998154,1746.926121,2136.426973,76.89804695,4.201109596
Nature_in_the_city_s028,28.0086,2.31472,13.825,2.2906,28942.55833,105748.146,14826,1182188,2998.023476,161.3639993,2200.751103,3045.613647,164.1870836,9.425295366
Skateboarding_s000,13.8078,1.85865,16.6167,3.8477,53210.38333,50672.87593,0,589102,1290.608066,344.6089908,0,1411.030042,520.6703937,30.76056389
Skateboarding_s001,23.7943,2.57855,27.4083,5.3813,89040.85,134297.1552,42478,1242741,1603.273033,152.3986702,1388.495304,1723.660322,473.4810122,27.9363135
Skateboarding_s002,20.0337,5.56816,27.2167,8.6641,166094.825,463020.3414,74657,4838996,1417.387134,59.87165374,1188.960495,1463.552962,641.8682688,38.01416914
Skateboarding_s003,29.1664,13.755,58.7083,21.0775,497449.15,564799.577,44096,5831884,1417.535297,437.618626,1058.419244,2116.835846,811.0937543,48.14219217
Skateboarding_s004,20.5069,7.63693,21.7083,9.8101,97247.05,99022.15595,47704,1029596,1557.863542,174.635005,1172.998666,1850.138791,553.5847206,32.73046257
Skateboarding_s005,33.4288,6.03783,24.6417,8.7971,58269.65833,105613.3448,0,1128842,1206.548262,608.7418085,0.616035146,1744.888024,305.2999509,17.87079851
Skateboarding_s006,61.5495,0.488305,52.6917,3.9537,99129.525,766970.2025,0,6660661,1480.379843,854.7260974,844.318961,2619.372586,106.8944256,5.996371183
Skateboarding_s007,29.9499,20.7098,45.65,34.4861,354350.4167,647483.1964,0,6706848,2042.649884,323.0159983,1685.720251,2619.372586,806.5957813,47.87299173
Skateboarding_s008,37.6022,20.1188,50.725,40.7165,463324,443006.2988,311641,4201370,2342.759008,454.141508,1726.233718,3088.80203,808.4083357,47.98147181
Skateboarding_s009,41.2446,8.31083,69.9583,16.1749,694513.725,382295.9454,631648,4852430,3029.102822,39.01126169,2931.377308,3078.336975,1189.511318,70.79020991
Skateboarding_s010,30.9054,15.0169,66.7083,26.6945,1171716.658,848293.6061,371969,4667733,2270.935535,530.1096074,1474.573661,3349.340715,1677.56717,100
Skateboarding_s011,20.5218,13.7679,42.9917,21.2156,548192.1667,451865.4901,201116,4567887,2033.896027,1035.542613,740.9524281,3342.383499,1587.38684,94.60277242
Skateboarding_s012,23.2172,17.2376,49.7667,27.4375,665155.3167,235801.2847,379658,2797231,2699.611722,623.7532264,2125.518107,3876.093373,1598.778767,95.28457099
Skateboarding_s017,20.1461,3.24034,25.125,6.1963,101867.125,93031.83178,24616,1092197,1510.692002,363.6453361,410.9651888,1661.39284,585.731303,34.6544123
Skateboarding_s018,20.9863,5.85177,26.9417,6.8102,123156.175,97134.90978,96431,1168013,1653.920882,30.0097731,1559.71066,1686.208923,704.736778,41.77680399
Skateboarding_s019,24.137,8.20577,37.9083,9.4291,207315.6,186512.85,98187,2030143,1087.505928,424.0619939,735.4261303,1762.003408,684.2466425,40.55048419
Skateboarding_s020,17.2611,13.668,24.375,15.4041,135373.6417,167261.5446,98260,1949715,1003.357896,290.2230917,753.4231605,1806.536505,670.2045315,39.71007399
Skateboarding_s021,27.6934,11.332,31.5167,14.935,177968.5833,303443.6161,92653,3338647,1712.36684,646.7331883,984.9948202,2489.185046,566.1260048,33.48104937
Skateboarding_s023,15.3987,7.64066,18.7667,9.1244,96352.00833,39925.01368,87144,530976,513.068478,29.73580592,460.2514134,546.5320032,599.4840881,35.47750655
Skateboarding_s024,15.4045,13.4443,19.525,14.4294,121996.75,56650.01818,94848,664339,737.5729234,110.4578186,540.498202,908.3830411,692.4894667,41.04381126
Skateboarding_s025,15.4253,16.5367,21.0583,19.3658,203905.5333,82279.03317,122484,760776,764.1630464,82.94565032,627.2208946,868.5239876,943.9820724,56.09546199
Skateboarding_s026,16.9759,11.4088,20.4083,13.5073,123961.7,66787.55589,96714,690369,800.1892483,91.66384411,534.0842624,856.4141583,691.8235439,41.00395626
Skateboarding_s027,16.3889,16.949,21.3833,17.966,180770.775,102892.7408,99772,695745,795.3500044,103.0534388,620.5287389,982.7047854,859.9790328,51.06794077
Skateboarding_s028,18.3588,14.6396,23.3,18.1733,211287.8833,122185.8077,108527,1102890,843.7719496,57.6002029,693.2387099,927.260917,903.4993325,53.67259925
Skateboarding_s029,14.5026,13.6726,16.9417,15.9035,107280.3417,67875.03729,61602,801466,864.7982475,38.21352161,759.1198642,929.6347977,637.8567716,37.77408393
Skateboarding_s030,15.783,13.2406,19.9833,24.5714,224832.125,103284.4487,62711,973392,750.1160218,82.77471196,613.9185584,926.4553599,902.6921203,53.62428819
Skateboarding_s031,15.2301,17.3251,17.0583,24.8278,179990.325,55588.70487,84592,622951,893.400692,240.6144441,605.3808933,1532.868573,879.3620325,52.22799929
Skateboarding_s032,29.9021,9.7118,40.525,9.8392,132990.175,291957.7288,45588,3302913,1237.932363,225.980208,159.6925445,1632.744812,462.1666383,27.2591564
Skateboarding_s033,35.3054,5.90683,48.3583,7.4626,141154.9167,327814.5268,74180,3378698,1273.130946,80.25339256,1159.169687,1410.20934,338.4294316,19.85357399
Skateboarding_s034,26.4924,10.1318,34.4,8.7416,113098.1,161058.0889,75527,1852873,1401.09547,64.34149696,1250.262211,1545.543014,457.9186767,27.00491897
Skateboarding_s035,26.7125,8.07174,34.1333,7.5874,110640.9083,155237.8309,74037,1796299,1448.015082,42.76301763,1393.176611,1526.189313,475.5779905,28.06181614
Unspoken_Friend_s000,17.3257,5.42704,15.0167,4.7488,66898.96667,133088.7756,0,1478097,1388.29878,808.4697041,0,2007.156,262.9880881,15.33846409
Unspoken_Friend_s001,29.3999,10.3071,22.7417,13.0563,161369.45,151832.1636,101846,1786425,1577.053135,8.78665367,1551.817953,1598.761232,357.2634639,20.98077721
Unspoken_Friend_s002,37.8532,6.50899,41.0083,7.6308,157138.4083,315729.6972,94405,3186300,1797.499618,69.69576578,1575.158874,1889.698536,295.5734886,17.28867677
Unspoken_Friend_s003,15.5153,18.5635,20.6333,16.7679,181506.5,330061.1562,118405,3747258,1012.995448,389.9962375,471.6351063,1787.288584,1079.819237,64.22521816
Unspoken_Friend_s004,26.0357,8.79532,21.5,8.2175,72449.93333,63239.04337,27993,456301,723.1088979,53.23455917,611.7663642,847.1165174,600.3011414,35.5264066
Unspoken_Friend_s005,29.5405,2.09348,22.4833,3.5125,59524.53333,242876.9668,27005,2604727,1340.570314,487.6310638,693.0254257,1725.221899,315.4057803,18.4756251
Unspoken_Friend_s006,23.2204,8.91898,23.2667,9.678,91582.85,157407.6192,22871,1452182,2925.819954,965.2019346,975.2590731,3625.582804,371.2708261,21.81910772
Unspoken_Friend_s007,17.6576,9.76889,17.425,9.2974,65642.41667,102719.6159,22756,904054,2606.270097,1502.574941,979.9505014,4220.079316,369.9735395,21.74146606
Unspoken_Friend_s008,21.9041,20.271,30.55,20.7741,215539.2333,143700.8458,67576,1220759,2393.01615,989.8624409,1456.130999,4214.780971,1009.103588,59.99293766
Unspoken_Friend_s009,19.6643,13.3093,27.1667,14.7556,184367.6667,278575.5326,51917,2739459,1940.246498,70.37392134,1812.295374,2094.529823,667.4106191,39.54286035
Unspoken_Friend_s010,16.2983,10.844,21.65,10.0023,90441.925,86855.41028,45030,912431,1757.542446,158.4067695,915.9001553,1834.271653,429.6312091,25.31193447
Unspoken_Friend_s011,14.7277,9.19668,12.1,7.0045,59207.68333,46468.14612,39462,557631,1061.922462,76.38735401,939.0330278,1291.759868,333.5105007,19.55917953
Unspoken_Friend_s012,15.6383,8.91383,12.0833,6.6933,55818.925,47655.3291,37005,570312,996.5769108,64.70639883,904.5597113,1120.728015,278.5639162,16.27066615
Unspoken_Friend_s014,13.9288,14.5436,14.1,11.5422,76616.29167,74999.80002,54273,820051,2614.573197,227.5626885,2069.517495,2967.287898,556.506371,32.90532124
Unspoken_Friend_s015,22.6906,16.6077,18.0667,16.9429,100217.675,119527.8478,76940,1402588,2107.866232,241.4888111,1643.505602,2423.796292,431.9390475,25.45005694
Unspoken_Friend_s016,21.3734,14.2445,15.325,14.2759,89484.26667,92023.8147,70838,1090998,2079.015258,46.42044321,2000.355125,2212.687658,376.1043527,22.10839079
Unspoken_Friend_s017,24.2724,13.9671,19.2083,14.8785,93352.99167,111538.8109,72666,1306264,2054.68978,23.08986264,1995.779853,2091.526839,383.3829872,22.54401181
Unspoken_Friend_s018,27.4293,12.0047,28.6917,12.804,127396.5,187853.6998,45235,1767054,2093.673054,41.97813796,2007.453447,2147.226401,424.7085138,25.01731472
Unspoken_Friend_s019,27.2009,8.09066,24.0417,9.2388,96033.825,206698.9058,49233,1708600,2072.389195,23.93596929,2038.278095,2108.461067,279.8678524,16.34870579
Unspoken_Friend_s020,26.7896,12.9806,28.6583,14.4536,120941.825,169224.8624,76152,1956077,2145.421938,55.27763235,2058.47557,2218.164555,416.9267862,24.55158394
Unspoken_Friend_s021,21.503,17.1422,17.5917,17.1653,106854.375,152346.9458,81839,1767534,2409.068897,206.1774679,2113.465832,2756.487966,449.0011889,26.47121377
Unspoken_Friend_s022,17.0599,20.4791,13.8417,17.1285,89622,70671.76135,62205,844619,2142.549091,343.8719359,1648.489945,2678.55331,566.8390418,33.52372412
Unspoken_Friend_s023,16.6163,15.4936,12.3417,13.0991,78858.825,81726.70149,44130,947964,1346.678711,244.8705845,1018.097455,1820.239652,486.5343145,28.71754422
Unspoken_Friend_s024,13.9089,14.5208,13.075,10.8202,83728.54167,88330.14551,39870,795234,1743.502907,241.806618,1335.137879,2255.078273,445.7407826,26.27608081
Unspoken_Friend_s025,17.6439,16.8228,19.65,19.8243,140172.7417,157769.4723,38866,1677869,1583.989919,193.5119466,1275.084435,1897.842991,544.4560469,32.18411805
Unspoken_Friend_s026,16.7474,7.28581,16.3333,9.4101,121796.5167,316158.7555,27911,2737742,1011.066166,224.9227893,870.7257255,1686.109549,533.5580559,31.53188116
Unspoken_Friend_s027,22.4081,18.4538,21.6,17.8166,125286.8,145898.9265,96278,1714752,1257.085691,45.94875859,1158.344134,1346.804654,626.5041682,37.09463882
Unspoken_Friend_s028,25.0333,20.291,21.325,18.5094,122775.0333,131437.5727,91197,1550487,1546.472522,152.110301,1251.129234,1739.360383,568.6039478,33.62935247
Unspoken_Friend_s029,25.0556,21.212,21.1667,19.8786,123437.25,170152.3144,87474,1975272,1707.957927,65.96874527,1596.596182,1825.668347,550.0831641,32.52089695
Unspoken_Friend_s030,23.2558,18.6778,27.8833,18.6048,154448.2833,187797.8901,84836,1578518,1201.02977,183.0096836,982.005599453552  ,1595.441818,622.2862792,36.84220121
Unspoken_Friend_s031,26.6405,15.1442,42.1833,16.4174,208644.175,227602.4762,132599,2664557,1225.724878,38.78276699,1103.67870273987  ,1309.063767,655.1402581,38.80848811
Unspoken_Friend_s032,21.1696,19.6975,30.825,20.6938,174064.0667,192863.931,106088,2240511,1317.161609,117.1524219,1157.30205485768  ,1711.256731,821.1557998,48.74439832
Unspoken_Friend_s033,18.6653,19.8849,25.1417,19.4826,191910.5583,310389.6655,119805,3559026,1686.165724,172.0136145,1377.19253586409  ,2029.895532,981.5065528,58.34127502
Unspoken_Friend_s034,11.6923,17.0087,13.9083,9.7378,83425.83333,101292.4887,36428,1123733,1663.658844,818.6570372,614.957144825817  ,2918.046938,919.3178653,54.61932701
Unspoken_Friend_s035,16.5988,10.8075,16.975,9.2431,66636.23333,93109.15448,47632,1080915,869.663289,151.8965639,654.047371582975  ,1100.477809,411.9098292,24.25132269
Unspoken_Friend_s036,16.9863,10.7466,16.5,9.1173,65623.49167,72096.34575,49467,850739,927.5737317,117.5048985,759.381350750124  ,1102.31738,428.3152153,25.23317319
Unspoken_Friend_s037,20.0439,12.1226,22.7333,9.8105,86559.75,147980.3736,51853,1341358,1350.616151,457.6903696,734.178966968870  ,1738.440796,449.370082,26.49329176
Unspoken_Friend_s038,19.8445,9.08064,19.2417,8.4217,82649.33333,135955.8902,0,1439323,1898.408643,91.40240199,1741.25090773978  ,2046.329728,439.2385765,25.88692847
Unspoken_Friend_s039,24.8792,8.58349,26.4083,8.4125,116304.7667,138541.834,0,1464492,1075.023224,363.0815661,890.944788834326  ,1824.171896,530.126882,31.32652788
Unspoken_Friend_s040,27.6417,10.0107,30.85,9.6294,140770.9,173453.5862,104780,1793078,894.6745946,25.3065589,882.034490681525  ,972.1025195,592.6335223,35.06750514
Unspoken_Friend_s041,20.7216,9.97548,22.7083,7.9688,119549.5333,101957.7796,98435,1230248,952.0933163,10.7368117,929.414459095236  ,970.278154,618.6970615,36.62738913
Unspoken_Friend_s042,20.8812,10.1677,23.0417,8.0255,124210.775,101482.4517,105223,1230193,928.8410679,9.669359994,911.495831305135  ,948.86064,630.8538342,37.35496319
Unspoken_Friend_s043,21.0063,10.2661,23.3583,7.9843,126756.5417,93549.78148,109663,1146472,909.4896312,6.934708612,894.494047239048  ,923.4178698,643.1559132,38.09123373
Unspoken_Friend_s044,24.7532,13.0482,27.2083,14.7701,310980.2833,143428.6748,116723,1445683,1047.766915,33.12418183,904.127504059987  ,1116.760704,508.4674868,30.03022873
Unspoken_Friend_s045,28.8504,3.04809,16.3917,5.5041,64096.86667,155528.4344,0,1375904,434.2990087,511.2552453,0.616035145540613 ,1367.565015,95.10082321,5.290532602
