video,si,ti,e,h,mvResMean,mvResStf,mvResMin,mvResMax,pixVarMean,pixVarStd,pixVarMin,pixVarMax,kpsnr,kssim,kvmaf,kssim_trans,kpsnr_trans,kvmaf_trans
AncientThought_s000,4.93421,13.2903,4.8583,3.4905,24366.275,3875.307581,14793,31310,4149.189365,2203.163251,2.361801854,7406.923372,154806.4163,3294.423706,287361.9898,22.47717614,28.69438097,50.99184579
AncientThought_s001,5.01841,4.51282,4.4917,2.013,19699.375,4857.102828,16939,70427,1393.611897,625.8541725,530.6022191,2788.161676,160002.6793,3305.175582,280709.6038,22.89382189,31.58431988,49.44648709
AncientThought_s002,18.0281,3.19386,11.6,2.7683,22704.3,6062.738344,14023,60001,1853.812244,728.5288382,579.7705363,2817.551407,157026.0002,3307.017778,301823.9476,22.96520878,29.92881849,54.35137909
AncientThought_s003,45.1816,2.32865,25.625,3.3057,137779.7917,264122.2617,30259,2256621,2986.346351,380.9776166,2436.160761,3572.352186,143466.7404,3298.674702,292440.2353,22.6419064,22.38773896,52.17152942
AncientThought_s004,21.4646,1.51187,12.9667,3.0876,38455.475,222013.6038,954,2456204,1339.693861,1430.79534,1.968450384,3688.397601,161930.1597,3323.215414,304688.1693,23.59288305,32.65630193,55.01674184
AncientThought_s005,8.89555,3.8997,4.6083,3.8818,12238.48333,4674.409303,7460,60907,460.016059,187.8011757,84.94685131,724.1739304,173476.4006,3331.79193,319814.8378,23.92523145,39.07782657,58.53068838
AncientThought_s006,11.0208,4.04023,6,3.9819,16201.6,25532.49316,13134,294696,780.4868932,20.56570782,725.0334307,797.9842664,171532.9537,3329.735138,321081.1772,23.84552874,37.99696467,58.82486083
AncientThought_s007,10.0273,2.47309,5.7833,3.1267,15284.93333,22361.75238,11724,259117,735.5085936,32.04873194,686.8442554,787.6361496,171857.7538,3329.906822,319606.0536,23.85218167,38.17760458,58.48218752
AncientThought_s008,8.29509,3.2707,6.175,3.1214,20960.04167,22699.40983,11496,217253,494.0722155,148.3932344,333.8829048,695.2213556,166904.5455,3321.968114,315930.0617,23.54454893,35.42284225,57.6282494
AncientThought_s009,8.44365,3.11873,9.425,4.0734,51934.66667,29372.08639,17168,247174,2319.98231,1275.991798,409.8957947,3335.346092,148622.443,3243.693217,297740.1132,20.51132,25.25511988,53.40269857
AncientThought_s010,9.1112,6.37751,6.875,5.8669,31969.225,30829.38055,15255,253028,1438.20703,970.7445024,221.656504,3505.028615,156999.0419,3297.041113,303371.2358,22.57860323,29.91382539,54.71081633
AncientThought_s011,5.45364,4.47137,4.7583,5.031,17114.81667,7679.51934,11769,79966,212.7015497,27.21795505,162.3258265,313.6676316,166042.8357,3321.186568,304862.3535,23.51426326,34.94359619,55.0572051
AncientThought_s012,10.8343,2.60771,6.65,4.0445,22748.93333,39219.70875,14262,446910,706.2311717,400.9180994,221.3620819,1047.056701,166821.4167,3323.368554,311440.3035,23.59881734,35.37660959,56.5852722
AncientThought_s013,11.6624,7.21843,6.9833,4.4232,27713.06667,45101.2066,15856,474673,1307.358548,212.2125512,1025.768148,1600.929831,162901.5493,3319.466505,316146.8068,23.44760914,33.19654721,57.67859959
AncientThought_s014,8.29821,9.03457,5.9917,5.3393,22162.43333,23819.64515,14294,274066,1203.782724,158.772195,694.3501642,1409.611997,165621.8991,3321.904605,315431.362,23.5420879,34.70948926,57.51240075
AncientThought_s015,7.94334,9.39928,6.2417,6.1864,22846.85,19513.14077,17599,189363,1449.074611,316.0664305,1046.002338,2343.632724,165230.5877,3320.611821,312653.8403,23.49199124,34.49185861,56.86717851
AncientThought_s016,11.3496,5.95885,7.0917,5.2558,25580.86667,32479.64514,17765,291637,1498.050332,805.7867621,898.7326015,2794.554032,165106.4781,3321.837488,312814.415,23.53948705,34.42283418,56.90448024
AncientThought_s017,10.1888,6.88552,7.0333,5.092,27747.45,26003.78964,19920,285606,1322.811989,531.5563716,974.0284015,2642.659401,163664.4807,3319.197538,309147.7671,23.43718639,33.62085696,56.05271274
AncientThought_s018,8.13862,8.27256,8.025,4.8051,32675.325,8321.361211,25227,114382,1376.064342,763.2251864,276.52267,2614.648443,156735.8119,3302.074478,291152.9121,22.77365104,29.76742815,51.87248242
AncientThought_s019,8.0651,2.55798,6.2167,4.4213,24828.875,26797.60188,11733,239815,614.2352519,363.139558,233.5387473,969.4960668,164749.9471,3319.874459,307393.4005,23.46341777,34.22454688,55.64517088
AncientThought_s020,10.4865,2.88577,8.6667,4.1738,29035.825,17083.79388,24024,213863,239.7979171,2.709739436,235.4171725,246.4291586,159888.0458,3309.99549,297772.1818,23.08059803,31.52056565,53.41014814
AncientThought_s021,9.62826,6.01448,7.3417,4.275,34099.375,35531.91866,20903,355525,2383.235903,1691.066691,236.5079954,4705.042401,156525.1998,3298.51271,298390.9154,22.63562906,29.65029476,53.55388085
AncientThought_s022,4.27445,2.98993,6.325,2.7527,29476.2,6740.785155,21407,84617,2304.997965,1867.131324,160.7757341,4274.374173,154629.4125,3286.738788,276383.6263,22.17937805,28.59593904,48.44155639
AncientThought_s023,5.61096,3.46706,6.5,4.5387,28510.275,11574.58918,17491,134004,211.5389458,167.2951329,58.9582116,1139.175755,160799.5745,3308.503141,304314.3891,23.02276803,32.02751889,54.92991218
AncientThought_s024,7.2722,6.84138,5.2,4.7389,23526.84167,17198.77877,13616,141538,1127.608751,193.4012643,753.1254485,1670.894216,164765.9884,3321.061448,309318.3049,23.50941474,34.23346841,56.09232892
AncientThought_s025,5.73479,8.69526,5.5833,5.479,32723.5,14413.53619,16480,165207,1036.658582,79.24468932,817.9434453,1238.621978,160858.9855,3313.831902,299088.4183,23.22926277,32.06056072,53.71591175
AncientThought_s026,5.62362,5.72347,6.0167,3.5542,24994.625,9595.394646,17565,91001,1038.417177,211.2936154,782.6172247,1791.87617,162623.9046,3316.10926,305856.5578,23.31751259,33.0421331,55.28816015
AncientThought_s027,6.11623,1.35748,3.1667,3.5873,10702.13333,12418.74921,4777,104862,360.6417937,355.6199634,132.089569,1063.191554,175244.2551,3333.226036,320170.6131,23.98080445,40.06103154,58.6133355
AncientThought_s028,5.02611,3.80015,2.8333,4.6207,11839.94167,5880.161495,6111,65876,61.32176549,47.43082951,32.8970467,342.2407682,174828.1257,3332.942295,315365.5204,23.96980921,39.82959819,57.49710564
Busy_City_s000,18.3076,16.9664,9.3417,12.2843,79504.175,36133.13742,0,152648,1580.674819,629.2038071,0,2155.285053,150364.9196,3293.117195,271327.8351,22.42654757,26.22421076,47.26708892
Busy_City_s001,25.7398,11.7662,18.7083,10.0884,94859.35,98851.22686,45381,1136428,1689.315291,204.9262213,1265.906821,2044.60951,139630.6365,3247.597536,242255.4263,20.66261619,20.25426227,40.51352715
Busy_City_s002,32.4491,6.54991,27.05,5.2378,74052.11667,219268.6851,30377,2451414,1599.984483,59.7741011,1319.257494,1704.232722,144037.9234,3269.058668,275964.4442,21.49425609,22.70540644,48.34417978
Busy_City_s003,21.3778,1.73425,11.6083,2.0847,25357.18333,128403.4701,6131,1417295,1714.040598,184.8220997,1226.598594,1809.302688,164460.5272,3323.198809,305126.5404,23.59223959,34.06358398,55.11857609
Busy_City_s004,20.7021,2.54971,10.9417,2.5681,24358.95833,92340.12127,9748,1026720,1783.773701,14.40915958,1754.568004,1811.546486,161474.5931,3319.32509,294146.8289,23.44212918,32.40293532,52.56797354
Busy_City_s005,19.2588,4.84364,11.7667,4.4154,37777.00833,102223.4361,8281,1142110,1210.778676,323.3610288,917.4856182,1790.210515,155405.955,3304.213285,277973.1476,22.85653191,29.02781875,48.81080443
Busy_City_s006,18.3489,6.45377,11.3667,4.9125,40770.00833,74858.5448,20167,845857,1061.634298,10.00393035,1034.372096,1084.3297,157482.6999,3309.530986,282929.3961,23.06259804,30.18281531,49.962148
Busy_City_s007,18.2893,18.2658,6.6833,5.5916,32044.65833,70316.49135,3438,767493,1639.351557,861.7467116,712.3096434,3381.909005,166970.7753,3327.84659,312425.4466,23.77234564,35.45967644,56.81412233
Busy_City_s008,18.2696,11.8711,10.2917,6.8422,42237.63333,71716.58853,6350,793593,1163.490753,796.2384786,744.9460094,3379.989382,156428.2595,3305.799708,283533.6122,22.91800739,29.59638071,50.10250824
Busy_City_s009,16.2014,5.29122,7.875,4.6502,35377.30833,64854.57933,22408,738627,921.5222869,108.741335,680.0242675,1044.682432,160402.0295,3318.140722,289704.5658,23.39623376,31.80642137,51.53602953
Busy_City_s010,18.6256,5.1314,8.1083,3.9833,34715.96667,51129.7653,20388,581014,1049.747103,31.49541309,969.4577472,1100.470708,165885.8054,3328.114602,303738.561,23.78273139,34.85626266,54.79614649
Busy_City_s011,18.2645,5.60412,7.825,4.4393,35525.35833,63477.66301,15200,717302,1020.904263,28.47206457,963.8700151,1072.736185,166280.4161,3328.321655,304480.056,23.79075487,35.07572819,54.96839683
Busy_City_s012,25.8375,5.67655,17.825,4.778,35208.89167,53886.76313,9070,611218,1380.056373,370.6589421,813.2089223,1781.132873,153906.4533,3301.529596,288362.5477,22.75253636,28.19386007,51.22427682
Busy_City_s013,31.6243,5.6595,23.7833,5.8361,59940.44167,186488.7788,23345,2080519,1753.151093,38.19564964,1724.160751,1891.278544,154414.586,3304.424905,301186.5765,22.86473239,28.47646177,54.20331687
Busy_City_s014,25.504,15.6519,15.5667,15.6548,98051.98333,177001.6718,53725,1997085,1389.504655,758.2474664,811.1539939,3313.638623,142264.6123,3273.447544,262041.1595,21.6643293,21.71916676,45.10978101
Busy_City_s015,21.8409,16.7378,11.4667,13.7387,81525.43333,98271.41013,45991,1105083,1190.361254,710.9789841,621.9694845,3179.920901,144661.2007,3282.45095,263860.8002,22.01322013,23.05204662,45.53248612
Busy_City_s016,21.4792,8.56842,12.4167,8.5454,53378.84167,63264.53027,27291,728140,941.0235336,429.2840031,562.2748491,1697.065816,145134.735,3278.243348,260747.257,21.85017143,23.31540608,44.80920564
Busy_City_s017,20.6739,7.93124,6.1667,3.8397,23116.95833,73398.14688,8142,817443,2126.105168,171.0810458,1455.821622,2383.363138,168526.3016,3329.380064,311777.059,23.83176928,36.32479351,56.66350098
Busy_City_s018,28.7125,7.9396,18.8083,6.661,53579.31667,88145.89863,9360,971062,2164.300503,249.7362524,1613.410013,2703.745315,147554.2069,3287.461734,279546.7636,22.20739293,24.66101272,49.17635767
Busy_City_s019,41.5544,6.10839,34.8917,6.3828,87564.65,311034.3994,32319,3459132,2231.602179,30.42059821,2182.074593,2279.467432,143854.559,3279.082044,291587.8324,21.8826717,22.60342703,51.97351502
Busy_City_s020,34.338,11.567,24.6083,13.6677,130943.625,314657.5954,61170,3537449,1970.232888,388.1783513,1454.039643,2576.512801,138515.6515,3254.818168,269113.9918,20.94242276,19.63415534,46.75281
Busy_City_s021,32.7794,6.8029,24.9083,8.7228,91115,134998.5349,18776,1383480,1907.845937,319.3845478,1455.843164,2398.65119,141190.6177,3260.952614,266925.0084,21.18013855,21.12185701,46.24430605
Busy_City_s022,29.2655,3.13662,20.8333,2.5819,39912.95833,160908.1001,16954,1787116,2118.343482,3.969147457,2107.021654,2122.761752,158464.8817,3313.327662,302127.0706,23.20972295,30.72906275,54.421795
Busy_City_s023,28.2769,2.98301,18.6583,2.9089,34264.31667,167808.5573,7707,1853781,1606.791758,191.4139927,1302.743296,2126.089886,156330.3818,3304.787426,298408.6438,22.87878046,29.5419453,53.55799918
Busy_City_s024,29.9242,3.91873,18.9333,2.3901,31195.81667,167110.818,9005,1846152,1595.43799,15.59594914,1559.022188,1622.105556,165248.9338,3323.322909,315381.7896,23.59704856,34.50206194,57.50088501
Childs_Play_s000,32.5739,4.30521,43.7917,7.5541,94167.025,120055.2082,0,756866,1405.505257,559.7574962,0,1775.547818,142087.8381,3265.995387,273849.5778,21.37555092,21.62085256,47.85289333
Childs_Play_s001,28.8975,3.98623,26.3417,6.1078,96126.00833,346646.7246,9943,3717834,1741.765458,117.1729737,1495.423904,1841.485489,148618.5044,3286.324667,276977.7332,22.16333043,25.25292942,48.57956826
Childs_Play_s002,26.2859,3.9738,17.2083,4.1771,41826.10833,130345.607,7344,1451727,1746.845582,103.3328138,1533.199461,1836.413663,156143.3309,3306.974179,289159.1039,22.96351927,29.43791562,51.40931795
Childs_Play_s003,27.7973,10.4848,22.4167,11.0221,82373.8,163078.7031,40563,1856471,1638.162632,85.30665509,1379.693343,1712.741941,149546.4629,3291.321056,290213.91,22.35694542,25.76902018,51.65435091
Childs_Play_s004,19.9492,1.10352,11.0417,1.3305,16778.88333,75489.02397,2995,830146,1663.773726,62.83292881,1392.233875,1684.14033,168932.6047,3327.602214,305130.3269,23.76287585,36.55076193,55.11945569
Childs_Play_s005,19.8971,3.47611,10.975,2.1768,25402.68333,74400.88735,7480,831866,1678.130536,34.3117951,1574.070497,1719.362304,166928.3305,3324.989761,302145.0933,23.6616407,35.43607047,54.42598169
Childs_Play_s006,21.2154,2.02888,16.1583,3.1966,26494.09167,71504.88956,13690,805680,1889.924132,37.98698509,1690.256606,1941.523158,154716.9381,3292.323621,285206.7253,22.39579581,28.64461703,50.4911748
Childs_Play_s007,22.5966,2.1048,16.6583,3.0321,33058.04167,104415.3164,10993,1169190,1803.413152,114.7997926,1572.231077,1916.855234,154867.7587,3294.312382,283915.8485,22.47286224,28.728497,50.19130228
Childs_Play_s008,25.2435,1.82007,16.175,1.9556,37018.51667,125927.8305,14756,1410150,1712.873734,5.72196153,1703.901465,1731.971195,164313.3449,3319.929952,306167.6297,23.46556815,33.98172744,55.36042261
Childs_Play_s009,23.2676,5.35562,14.0333,4.2021,48079.65,126329.3903,17950,1420018,1653.354008,94.83938113,1415.413362,1718.31711,157570.9957,3305.915741,287687.7658,22.92250375,30.23192165,51.06752403
Childs_Play_s010,20.0896,11.3776,9.1583,7.69,59635.775,79719.34394,36548,924152,1663.932877,17.64025125,1637.318909,1713.722826,156690.0378,3308.887509,278050.414,23.03766269,29.74197055,48.82875353
Childs_Play_s011,20.5581,8.94209,9.9167,6.5313,41804.44167,81949.99042,17127,924984,1666.579271,16.61431356,1639.767427,1714.522164,159353.2801,3314.261948,286388.8431,23.24592747,31.22315188,50.76578244
Childs_Play_s012,20.6477,1.65305,9.9583,1.8795,21433.45833,94506.10773,4283,1048829,2423.888328,581.3442218,1551.521926,2903.987154,169820.5343,3329.308085,299188.6707,23.82898001,37.04459033,53.73920053
Childs_Play_s013,21.6254,3.38059,12.3667,2.9565,37602.15,91092.66596,5274,989438,2407.215483,562.4960924,1527.729767,2905.202926,160003.7103,3310.953067,280106.8064,23.11770507,31.58489329,49.3064564
Childs_Play_s014,24.7925,9.00207,17.9667,5.671,67264.93333,121509.5188,36265,1388030,1817.770342,13.54035245,1795.184477,1865.105611,151547.4601,3283.542353,269452.1273,22.05551306,26.88188911,46.83135934
Childs_Play_s015,25.0003,6.02037,18.2167,3.6344,49920.758,118356.236,14524,1330726,1796.185,11.96572051,1782.668629,1832.78491,155352.0999,3298.110193,282850.3969,22.62003111,28.99786682,49.94379638
Childs_Play_s016,27.9229,4.55198,18.1167,3.4503,41856.95,123447.023,18748,1386230,2448.070796,472.023091,1788.030375,2863.825743,150594.4571,3283.975386,273219.0564,22.07229352,26.35186967,47.70642232
Childs_Play_s017,30.2154,1.33038,18.0667,1.4266,42680.791,168846.21,20122,1884211,2830.483118,1.264604985,2827.667235,2832.433089,155941.441,3305.879045,290633.0152,22.92108176,29.3256331,51.75170962
Childs_Play_s018,30.1994,1.01936,18,1.2981,38898.925,167517.128,18651,1866074,2826.477628,0.939768555,2824.053939,2828.257869,156495.5121,3307.487987,291179.8568,22.98342983,29.63378374,51.87874172
Eldorado_s001,27.6226,6.35168,22.45,7.7836,129388.7333,387027.8529,40367,4253614,3239.146244,481.8109005,2824.139745,3968.119074,143605.9603,3275.443464,279222.7628,21.74167318,22.4651671,49.10109182
Eldorado_s002,34.8026,3.28015,31.0583,6.1072,155278.8417,407705.9447,56798,4526311,2632.199479,1400.628961,901.797233,3951.66482,141613.3036,3260.371896,284301.0063,21.15763516,21.35693679,50.28077498
Eldorado_s003,38.8134,17.7793,49.4417,25.3103,375429.3583,555998.8103,56499,5973003,1508.797322,122.102265,1277.943369,1819.401754,124144.3089,3187.186398,277712.3259,18.32162541,11.64143016,48.7502152
Eldorado_s004,58.5047,22.0686,85.2083,27.5187,650666.2417,659483.8492,316057,7723648,2085.309692,118.679075,1833.853081,2215.566117,113939.2753,3052.395315,267015.2606,13.09833889,5.965827566,46.26527177
Eldorado_s005,55.4637,3.40129,100.375,9.2266,412619.5417,1108819.613,196178,9617071,1616.657444,171.8063624,1525.081928,2216.030346,119704.8681,3113.654432,265593.003,15.47218968,9.172403337,45.9348793
Eldorado_s006,48.0681,4.40633,83.4417,10.4996,308996.4083,907947.5468,74664,10172647,1975.806453,364.4278532,1779.160269,2667.346712,126155.5141,3179.498243,277326.2823,18.02370186,12.75997636,48.66053671
Eldorado_s007,10.2709,6.93098,14.425,6.3716,81221.775,36784.27163,74078,481142,2728.838602,151.2877706,2613.190783,3106.195215,142339.8501,3240.901573,246588.0076,20.40314107,21.7610108,41.51999193
Eldorado_s008,11.3488,9.33052,15.2833,7.5488,100119.3417,40932.88318,82144,528914,2807.190936,282.4356433,2089.955435,3092.85793,138443.3011,3217.076365,235321.6311,19.4798909,19.59391719,38.9027967
Eldorado_s009,10.3548,13.0604,14.35,8.6934,100919.6917,23265.70729,73648,317309,2976.595712,288.9333479,2453.995872,3394.799802,135858.4,3208.529573,226883.3115,19.14869434,18.15630586,36.94256308
Eldorado_s010,34.4035,15.9688,47.5583,22.5972,329307.4917,180942.3866,0,613799,2068.866964,282.979313,1405.01712,2613.763391,114277.3037,2945.124758,179576.3705,8.941499696,6.153824484,25.95309364
Eldorado_s011,39.8074,19.0843,60.8917,28.4841,903527.15,543059.7576,0,4182745,2284.969745,340.2841722,1789.179241,2919.91038,104115.308,2714.382212,139939.0748,0,0.502157758,16.74529365
Eldorado_s012,48.4083,11.121,60.575,18.9295,1073360.25,831886.8027,0,5094999,3257.425243,255.0178973,2935.481303,3711.500762,103212.4018,2814.520748,131290.8123,3.880466352,0,14.73629002
Eldorado_s013,37.4185,14.1733,37.4667,23.6811,563273.8167,484849.4434,70616,3627420,3025.738984,644.3395356,1521.247549,3627.66907,111125.0281,3027.075086,163335.1006,12.11715521,4.400663815,22.18022361
Eldorado_s014,21.8987,16.3152,28.9083,33.0319,553983.9583,325834.5725,345764,3494130,2052.63989,1065.641257,1218.693968,3622.744396,111689.7176,2953.132799,112994.2217,9.251819137,4.714719904,10.48596609
Eldorado_s015,18.1429,14.0394,23.95,34.2602,471032.0583,36744.85727,403333,771195,1517.195204,123.9168849,1397.02156,1890.713169,116530.7943,2978.05585,101689.4781,10.21761179,7.407119447,7.859858112
Eldorado_s016,21.5666,13.834,27.225,34.3115,476725.0667,316263.6037,375472,3894504,1878.282698,904.1195112,1257.595494,3883.560082,115517.2181,2978.495694,101082.3791,10.23465619,6.843411784,7.718828161
Eldorado_s017,43.1053,7.30249,48.725,14.9092,493733.1083,366685.1746,425696,4489167,3857.468376,59.81095205,3746.095836,3935.700743,118385.3071,3071.14142,205072.0906,13.82476881,8.438520043,31.87578556
Eldorado_s018,30.9621,9.57236,35.9583,14.5351,331748.8083,402962.7836,127839,4367134,3280.71161,702.1388422,2331.228262,3959.70792,125605.8364,3123.917066,219626.0412,15.8698768,12.45426918,35.25668891
Eldorado_s019,27.8145,12.469,27.8083,13.2198,169085.5583,83056.68375,123545,1005671,3266.423022,71.35220886,2997.626843,3360.450994,140812.3263,3225.382553,299528.197,19.80176384,20.91146749,53.81807297
Eldorado_s020,17.5612,2.87196,18.1583,5.4785,100243.4917,268328.7268,0,2883027,1626.016977,901.7541452,1054.955739,3372.354737,146160.0985,3262.892265,276377.5747,21.25530193,23.88566938,48.44015059
Eldorado_s021,27.1819,2.14625,31.0417,4.2268,89694.375,152669.1438,0,1648155,1342.276687,97.38651013,1262.732549,1628.145372,146930.2377,3276.325642,297220.4643,21.77585843,24.31398781,53.2819834
Eldorado_s022,24.1177,1.73868,28.4417,3.4597,80541.45833,125017.3566,55054,1440194,1711.874254,34.22062608,1637.240551,1760.765443,149388.4915,3282.194138,302400.2585,22.00326839,25.68116327,54.48525693
Eldorado_s023,19.9672,10.2563,28.275,16.2259,149692.4333,225302.2419,52946,2259313,1320.349653,228.2645056,971.7424473,1653.181115,133824.8539,3167.222892,257001.6529,17.54802,17.02533466,43.93909649
Eldorado_s024,28.3589,20.4182,37.5,35.0469,276446.825,86595.2868,181687,1026981,1341.40116,188.7546553,944.9764992,1786.838206,119813.6774,2990.170084,217415.1552,10.6870502,9.232918411,34.74309695
Eldorado_s025,32.1871,19.3036,44.9583,33.5665,528328.575,311608.1966,256642,2791710,1308.85213,113.7628769,1116.046334,1497.492423,108122.6216,2778.314607,134967.9657,2.477442934,2.730853945,15.59049797
Eldorado_s026,24.2655,16.1879,40.4417,24.1716,341665.4583,275714.7992,216252,2413683,925.0369379,49.9024342,840.7478563,1167.559863,112408.3766,2829.03408,145804.6006,4.442872191,5.114407302,18.10786361
Eldorado_s027,21.5939,15.1735,34.725,22.2576,261271.425,133116.3945,185282,1636075,901.9928448,43.75005918,835.6336908,970.1720003,118379.2687,2948.265015,171760.4532,9.063187735,8.435161737,24.13744496
Eldorado_s028,24.3922,15.1568,37.0833,20.432,297093.6167,136467.7367,244988,1766567,756.2408333,31.50960025,700.1688229,842.1718496,116754.0416,2925.749697,166421.9708,8.190697101,7.531280037,22.89730793
Eldorado_s029,41.7106,21.2881,52.55,31.1111,484039.05,533548.4791,200609,5814146,936.4050949,100.6743797,734.1638118,1115.010897,116704.6044,3051.927339,216674.8548,13.08020436,7.503785158,34.57112413
Eldorado_s030,56.5509,13.1776,73.9917,19.1079,517986.225,796360.7592,158334,7174360,1416.605513,369.1995223,867.036823,1707.115447,116107.714,3084.548684,234909.257,14.34431345,7.171820274,38.80700161
Eldorado_s031,52.9428,12.1122,73.175,16.0255,407597.8583,532254.4458,347475,6212204,1771.583661,37.05904023,1708.995163,1833.486824,119542.9963,3108.610614,248422.9294,15.27673679,9.082377145,41.94624686
Eldorado_s032,54.6961,9.80965,76.025,14.0631,469655.7333,543758.4825,363088,6394675,1871.537729,18.9516409,1835.116263,1900.976224,119561.1995,3115.984656,246766.3484,15.56248813,9.092501016,41.56142075
Eldorado_s033,44.7519,4.38051,62.3583,10.2629,375695.775,600864.2795,17069,6644263,1366.204733,714.9513522,20.8275111,1923.075685,125023.8304,3170.999276,249665.7992,17.69435857,12.13058235,42.23496728
Eldorado_s034,70.5166,0.334728,33.375,2.0236,3781.375,7640.443473,0,63639,943.9289037,464.7605073,0,1224.143454,201131.9515,3347.235857,325033.8675,24.52369875,54.45865945,59.74307639
Fun_on_the_river_s000,26.868,4.89632,23.2583,6.7718,111995.1,34385.06022,0,170572,1543.359386,617.8648426,0,1889.675152,174759.3634,4071.45618,311336.2467,52.58794576,39.79135552,56.56109965
Fun_on_the_river_s002,19.4174,9.83799,18.4,25.1461,233115.8667,100331.4033,151026,1288761,1078.152234,209.8278393,930.3086881,2009.654084,125234.2152,3137.393628,123970.4072,16.39210676,12.24758938,13.03574954
Fun_on_the_river_s003,19.7092,10.1263,18.7417,26.1277,237672.2917,70074.21226,196411,974854,1070.700551,64.80042544,937.9260873,1196.433031,125593.6328,3145.191607,133123.8854,16.69428611,12.44748205,15.16211549
Fun_on_the_river_s004,26.2356,10.2037,26.675,24.0976,465754.725,151376.6771,177716,932753,1383.474269,274.4096476,843.2978744,1621.383961,117753.1211,3072.591127,105904.0166,13.8809464,8.086925251,8.838901379
Fun_on_the_river_s005,30.0923,12.6473,31.6417,30.7935,606665.2,116903.835,529590,1834633,1771.164226,104.9798173,1569.929253,1942.159303,113152.3055,3016.124773,92628.08966,11.69281986,5.528148665,5.754884736
Fun_on_the_river_s006,28.1464,15.8009,31.0167,41.3912,595067.475,152351.8065,457350,2149450,1915.576169,127.6401351,1617.984464,2040.044015,111905.3902,2990.851123,83777.444,10.71344116,4.834667777,3.698867204
Fun_on_the_river_s007,23.7185,12.0242,25.6333,28.8211,364393.8917,137824.0871,230848,1615121,1420.838318,133.2856113,1114.882679,1631.464559,118297.9492,3058.592474,112312.4809,13.33848486,8.389935291,10.32759672
Fun_on_the_river_s008,24.0546,10.7831,26.4667,28.1296,360045.8583,97387.47865,320519,1400235,1495.876591,25.09583179,1458.075421,1549.188721,119312.3615,3066.107359,120700.0608,13.62969401,8.954108001,12.27604343
Fun_on_the_river_s010,22.2452,15.6573,20.0167,61.7187,509554.4667,82365.72712,408196,913105,1052.419558,204.1706679,809.2157053,1427.265607,116645.7133,3083.131972,67854.73788,14.28941445,7.471032486,0
Fun_on_the_river_s011,23.1969,12.8471,24.2667,40.5659,461259.1333,183617.7095,202107,1443879,1423.090392,106.2854026,1168.238264,1560.548064,115243.2636,3036.67285,75529.96968,12.48907797,6.691049998,1.782967228
Fun_on_the_river_s012,24.4633,9.2532,26.4167,18.6038,289751.1667,105019.3615,262215,1428581,1560.291645,17.71311707,1525.081322,1598.23486,121900.9089,3102.130751,139355.8423,15.02563575,10.39374717,16.60980793
Fun_on_the_river_s013,23.2301,9.63219,25.575,21.8255,289751.1667,105019.3615,262215,1428581,1524.149287,107.567089,1268.146455,1601.966286,121266.6621,3092.456356,127018.924,14.65074348,10.04100625,13.74392431
Fun_on_the_river_s014,21.9975,16.208,21.2667,44.9584,407171.2667,68714.45636,342402,981251,1828.143462,93.84036387,1583.061467,2016.325578,116434.2188,3063.71254,102577.7169,13.53689245,7.353408261,8.066197247
Fun_on_the_river_s015,21.5881,13.3347,20.9583,36.0785,348728.8833,121854.4581,215611,1125832,1587.850519,132.8809799,1345.831245,1829.015465,118968.9989,3074.503725,94117.43436,13.95506142,8.763144385,6.100861623
Fun_on_the_river_s017,32.9284,19.1114,29.7583,46.7079,819942.3583,191299.921,512756,2413420,1576.568428,378.8303768,1076.796102,2443.713369,110629.7445,3037.324396,94375.466,12.51432599,4.12520828,6.160802738
Fun_on_the_river_s019,18.8467,13.461,17.65,36.0807,308987.9833,87908.16913,208562,870691,1137.845068,131.1731845,894.4732804,1331.101637,121393.2948,3113.651065,101343.0191,15.47205922,10.11143395,7.779375209
Fun_on_the_river_s020,20.2097,14.0991,20.0167,41.8311,392686.5917,111776.6017,259793,1077467,1178.650397,105.8723228,1022.385151,1380.605938,117799.4639,3073.230652,78169.7407,13.90572858,8.112699157,2.396189776
Fun_on_the_river_s021,20.3707,7.69046,18.3583,17.9185,172891.5083,89751.76121,117724,773547,1227.804346,114.9402288,902.1438428,1349.401687,129534.6687,3171.641612,156100.1627,17.71924971,14.6393174,20.49953728
Fun_on_the_river_s022,22.4915,6.05748,20.175,10.7158,131872.35,97493.59419,113867,1193910,1275.645228,14.73842423,1250.107027,1313.701247,134845.8404,3210.050294,208344.7951,19.20762378,17.5931636,32.63603946
Fun_on_the_river_s023,20.9304,9.22936,20.4667,21.7768,241174.6833,136427.8104,114944,1213287,1303.470641,165.3693611,990.5669711,1532.625458,123895.1703,3123.900547,139036.4933,15.86923668,11.50286993,16.5356227
Fun_on_the_river_s024,21.2982,12.8753,22.775,33.5633,375335.6417,73779.66398,333493,1152539,1460.168517,29.89818534,1394.442823,1509.364734,116375.0905,3041.178293,98596.21524,12.66366828,7.320523658,7.141288768
Fun_on_the_river_s025,21.1763,11.2385,22.85,30.8213,344080.35,83299.7851,209194,1036888,1380.523746,95.73558244,1144.508143,1484.301244,118590.5625,3064.791567,100325.7367,13.5787058,8.552674314,7.543059055
Fun_on_the_river_s026,23.8938,11.3518,26.5333,30.405,381561,98227.03263,333775,1434593,1438.37915,25.82001227,1380.887796,1510.034243,118549.5468,3058.916468,113408.2161,13.35103996,8.529863086,10.58213757
Fun_on_the_river_s027,23.7523,10.821,26.4833,28.6854,377434.1333,93340.51522,330310,1370383,1427.628431,24.30985489,1376.609589,1474.303772,118821.6553,3058.614443,111107.8408,13.33933618,8.681198199,10.04775712
Fun_on_the_river_s028,22.9464,10.3434,25.3667,26.9326,346285.525,99204.02465,141746,1312052,1366.586471,196.3302746,462.4643631,1451.867214,120401.0193,3077.995685,116300.9233,14.09037829,9.559572794,11.25411756
Indoor_Soccer_000,17.5414,11.1183,19.2917,11.0682,177114.125,198003.1842,0,1366250,1377.314886,923.4937437,0,2474.701887,134841.1506,3184.694859,274329.1015,18.22507583,17.59055534,47.96428737
Indoor_Soccer_001,49.1536,5.13202,36.8417,7.5414,178617.2667,188201.2551,133592,1605092,2842.5424,946.1852264,1006.992047,3541.115496,134786.6046,3182.17478,288318.1626,18.12742031,17.5602192,51.21396609
Indoor_Soccer_002,21.2497,16.8018,27.0417,15.4827,324080.5,549187.2379,141371,6155892,1762.522498,609.180897,1164.234575,3549.470596,125347.9395,3037.643356,225390.2511,12.52668603,12.31083792,36.59572305
Indoor_Soccer_004,18.1026,18.0831,20.925,14.3326,190114.6833,175689.536,99534,1728109,1826.374838,733.4568933,1057.654928,3061.923329,134594.1895,3187.049598,259512.5328,18.31632428,17.45320616,44.52237746
Indoor_Soccer_005,17.9638,20.7757,16.225,19.3247,121200.6583,83826.59156,84139,814558,2724.883851,509.5405362,1401.804109,3136.574793,138460.6565,3224.631544,273050.4645,19.77266151,19.60356951,47.66725818
Indoor_Soccer_006,17.1156,15.5273,16.425,12.9105,133136.7667,129586.6042,81871,1354860,1569.178484,110.9552377,1419.375482,1741.895426,139070.965,3227.743954,268995.7882,19.89327042,19.94299692,46.72535112
Indoor_Soccer_007,18.6945,21.8464,20.1167,20.9505,236040.4,166385.88,114130,1378434,1402.214397,440.7791223,755.1915462,2142.661297,127423.0495,3131.716021,216796.448,16.17209395,13.46492524,34.59937039
Indoor_Soccer_008,13.62,22.8311,17.9333,18.7166,236555.6,207837.7361,57411,1455945,1635.457533,523.7531234,1010.7732,2349.944837,128453.2037,3137.903368,233532.7337,16.41185969,14.03785289,38.48723328
Indoor_Soccer_009,16.3214,17.4316,16.175,13.1248,156520.9,98227.91793,39656,1017112,2479.699576,718.7136751,1256.954828,3260.675515,137777.9843,3216.019163,264003.6177,19.43892329,19.22389645,45.56566285
Indoor_Soccer_010,27.8962,8.52796,38.8,10.1145,324863.9167,254236.3138,134323,2342141,1567.241247,491.0583015,1022.634363,3248.303336,125273.2558,3042.770238,246415.846,12.72535772,12.26930209,41.47999855
Indoor_Soccer_011,29.0615,9.42659,36.125,8.7109,220347.9583,234002.9132,62364,2726331,1700.503718,455.975245,316.50103,1992.367549,131795.4071,3148.977211,276058.5757,16.84098196,15.89664327,48.36604666
Indoor_Soccer_012,8.10923,6.68824,7.0167,12.8297,148466.775,445976.5459,0,3282989,410.9778241,695.0422555,0.616159512,2973.540533,154657.1734,3300.355309,313012.6453,22.70703156,28.61137844,56.95052944
Indoor_Soccer_013,19.87,20.5859,21.9583,24.8401,283395.4167,182551.2338,0,1368714,1055.904782,620.7349639,0.616159512,1595.63407,128281.4145,3101.024994,259715.774,14.98278658,13.94231111,44.56959067
Indoor_Soccer_015,21.5284,20.1634,30.7667,22.0998,401857.2417,209928.9685,209164,1711440,1236.044316,782.8146333,394.5975394,2478.292416,119049.9315,2914.160794,195925.3035,7.741615759,8.808155669,29.75097394
Indoor_Soccer_016,20.9498,13.5311,28.4833,13.9085,291833.8167,195630.1912,189186,1803037,2282.974982,517.361996,1299.868103,2717.496369,125927.9053,3039.605439,245657.6996,12.60271866,12.63339007,41.30388005
Indoor_Soccer_017,24.9057,10.445,36.5417,13.9128,428691.7833,173047.9815,278446,1793445,1687.653934,515.723331,541.1140236,2068.930022,119439.3262,2887.836887,220384.932,6.721538565,9.024720279,35.43298031
Indoor_Soccer_019,23.307,16.4941,28.9833,17.2889,337362.7833,175175.1824,311,2012367,1776.325035,608.7028204,571.2522992,2364.076242,122674.2437,2981.330352,230370.7781,10.34450192,10.82384284,37.75270651
Indoor_Soccer_020,21.6662,10.7566,30.9583,12.5278,337110.5083,81270.8007,273230,1153527,1182.536035,37.69407661,1120.595266,1269.335282,122705.2214,2941.588278,223555.0418,8.804457648,10.84107132,36.16940132
Indoor_Soccer_021,26.7161,7.33879,35.2167,10.6202,360775.75,213321.6862,281577,2099653,1464.760143,324.5722466,1167.309137,1876.702029,124162.753,2992.48066,244532.3695,10.77658731,11.651688,41.04246427
Indoor_Soccer_022,16.437,5.65326,25.2417,8.3008,290488.5417,171853.7136,253609,2146268,2212.988585,264.7302556,1748.427781,2418.66798,126805.4147,3002.697829,230876.3476,11.17251261,13.12142322,37.87015103
Indoor_Soccer_023,12.8999,23.0508,17.85,17.8354,219806.1083,125091.9854,104122,972088,1667.856916,768.5942395,549.1363944,2820.787327,125660.5696,3080.219245,216719.5152,14.17654342,12.48470944,34.58149881
Indoor_Soccer_024,13.1386,18.7016,16.25,13.6512,159298.3417,92291.39507,87571,1083830,1170.886621,406.3158819,578.3440115,1728.566349,132358.4955,3140.004291,243509.8816,16.49327252,16.20980891,40.8049389
Indoor_Soccer_025,21.2422,17.2531,28.75,16.0398,345138.2833,236338.2345,158064,2463297,1648.009272,1006.076219,579.5157096,2767.996245,121016.0172,2976.366832,213109.8549,10.1521607,9.901608313,33.74296959
Indoor_Soccer_026,30.8683,11.0768,40.1833,13.5968,476266.8333,216759.8341,419527,2831334,2556.968194,70.29532233,2375.285535,2643.937214,119237.8532,2909.900485,238466.7509,7.576524615,8.912669643,39.63341248
Indoor_Soccer_027,31.931,9.3777,41.4,12.3504,476804.9417,211350.5587,424065,2779628,2269.863513,62.5522294,2198.584973,2385.359505,119691.9286,2915.199477,241071.1671,7.781865761,9.165206949,40.23842207
Indoor_Soccer_028,32.6444,12.9016,42.2667,16.6063,532371.5583,239782.6726,451457,3112837,2338.492971,157.2128966,2201.006104,2703.417494,118259.6998,2889.120183,238382.0848,6.771267559,8.368662605,39.61374442
Indoor_Soccer_029,31.5271,8.69525,40.2583,11.8173,468112.675,216404.5514,404797,2819708,2851.876531,86.54007062,2705.81015,2966.294469,120532.9702,2939.35439,244451.8339,8.717892308,9.632958245,41.02375574
Indoor_Soccer_030,32.7436,7.86912,42,10.906,480449.6917,235327.2056,441463,3044963,2938.758334,51.74597571,2847.142935,3000.382349,120613.2306,2942.319116,245916.1351,8.832778331,9.677595644,41.363915
Indoor_Soccer_031,22.0755,18.6506,30.7083,24.2438,423860.75,293037.2406,180943,2979719,1441.950326,744.6614589,541.0699928,2845.510935,119938.5962,2935.285952,215223.2031,8.56023633,9.302392878,34.23390338
Indoor_Soccer_032,18.941,20.5597,25.5,24.7908,307471.3917,130954.4156,194928,1579532,1255.465958,322.8601657,698.8386126,1662.824355,125496.7412,3028.895938,234868.6709,12.187715,12.39359506,38.7975734
Indoor_Soccer_033,15.9553,24.2005,26.4583,24.3004,351895.6333,79429.20428,254871,917944,929.9703811,228.6130928,492.5818999,1274.914757,118937.5582,2919.807628,182625.9206,7.960436115,8.745658425,26.66150845
Indoor_Soccer_034,13.3187,16.7291,16.1167,15.366,145233.5833,143102.5603,90361,1349081,1293.255786,465.4410316,564.6317808,1834.204985,133947.9629,3176.536539,246797.0208,17.90893292,17.09380258,41.56854599
Indoor_Soccer_036,23.5331,16.3622,31.6583,18.335,401496.6667,134372.9801,367834,1863126,1481.509308,128.9281239,1321.785128,1722.997541,119688.238,2885.613436,225162.189,6.635377665,9.163154383,36.5427439
Indoor_Soccer_037,25.5161,15.1076,34.4417,17.1943,415629.5083,128832.0596,375814,1797670,2006.198277,210.6356021,1709.092552,2246.09893,120134.1813,2896.198976,238914.1281,7.045577716,9.411168948,39.73733883
Indoor_Soccer_038,29.5608,11.2033,37.1083,13.9829,428016.4167,216469.354,373360,2777418,1953.475355,136.9873172,1782.937126,2210.24835,121125.5808,2925.887718,249290.7621,8.196045542,9.962542873,42.14784563
Indoor_Soccer_039,31.5662,10.9424,40.1583,15.7431,483236.6583,236723.3313,378330,2805432,1731.255705,129.0955166,1359.629533,1859.842915,119856.5471,2901.698572,245943.4444,7.258692447,9.256760689,41.37025899
Indoor_Soccer_040,30.5107,8.35484,39.45,11.2472,422126.925,211067.6392,380086,2713021,1568.038672,9.694832967,1534.3277,1579.093418,122228.085,2960.5151,256499.1112,9.537890522,10.57570848,43.82235534
Indoor_Soccer_041,23.0839,16.055,35.05,18.2827,471956.1917,214647.9343,391976,2708734,1368.754592,305.9763439,793.5769808,1655.085663,117159.1394,2828.5546,198476.83,4.424291893,7.756578094,30.34369716
Indoor_Soccer_042,13.8262,19.491,22.05,16.1792,260674.2,154347.0878,169879,1498926,1470.626207,473.9888282,292.8317684,2022.930149,126401.7096,3040.138358,218361.1608,12.62336978,12.89689975,34.96285541
Indoor_Soccer_043,10.7099,7.971,18.375,7.6527,169666.4333,28112.89296,153267,456254,344.915745,29.59712948,289.9180277,403.641763,134991.2524,3120.898299,239935.0216,15.75289663,17.67403556,39.97449384
Indoor_Soccer_044,19.5511,2.76692,15.2083,5.2387,53775.20833,66819.1495,0,458484,240.8838686,315.653679,0.616035146,1462.734432,146147.3996,3279.220525,278163.1317,21.888038,23.87860678,48.85493803
Indoor_Soccer_046,95.9039,0.439105,57.3833,3.4157,129383.4167,1338502.352,0,14730169,1514.340247,378.0223963,680.2421162,1735.901854,193126.1218,3346.787737,325062.1249,24.50633363,50.00615988,59.74964062
Indoor_Soccer_048,44.3175,0.341195,20.0667,1.7592,75821.325,813017.0626,0,8944787,449.3508908,420.3198375,0.616035146,1080.832734,226448.4402,3349.027054,326285.2377,24.59310937,68.53860608,60.03377145
Lifting_Off_s000,19.5387,1.82643,19.1667,3.0738,61057.825,15201.96134,0,97025,1443.559654,575.5420438,0,1745.292814,148122.0003,3265.13778,290077.795,21.34231782,24.9767951,51.62273118
Lifting_Off_s001,30.8039,6.71848,23.375,7.082,84341.63333,130540.6191,55746,1238792,2060.331502,77.79529306,1737.21001,2193.453565,136307.9949,3234.564437,253135.5785,20.15757085,18.4063513,43.04100194
Lifting_Off_s002,38.6931,13.0237,25.175,16.6447,358765.4583,387275.2177,54199,3606412,1846.135894,261.1818017,1433.838899,2184.267631,122991.9256,3160.048953,206252.3314,17.27002281,11.0005239,32.14995716
Lifting_Off_s004,21.8496,9.92483,20.4917,14.2917,182448.1833,192500.7016,46667,1980025,1411.467058,499.0889466,618.8888017,1834.93344,129923.1379,3202.499725,222956.6514,18.91503183,14.8553673,36.03039438
Lifting_Off_s005,25.96,5.53667,28.675,6.8023,161646.0167,185573.7989,132896,2184982,1835.483685,16.34573152,1802.031651,1874.808752,128084.0535,3186.126758,222313.945,18.28056333,13.83254738,35.88109279
Lifting_Off_s006,20.8657,2.52257,12.5833,3.4426,61285.54167,224610.6837,24114,2414653,846.3563383,302.3616701,723.6004524,1848.253796,157678.8501,3307.932816,307587.1799,23.00066737,30.29190564,55.69018613
Lifting_Off_s007,23.4742,3.07116,15.125,3.5599,65787.68333,203560.1239,23942,2127026,963.5671019,366.3328679,734.6900933,1562.059017,153818.077,3300.377203,302913.815,22.70787997,28.14470902,54.60455682
Lifting_Off_s008,32.3432,4.19967,26,3.9307,98643.99167,199660.0862,74217,2276289,1550.028071,16.19874181,1522.25504,1570.774143,139378.7327,3253.520539,271680.6078,20.89213835,20.11416417,47.34903852
Lifting_Off_s009,32.4458,3.99553,26,3.8035,100535.9917,199803.5546,76199,2279582,1513.219328,7.790796451,1500.641425,1532.372021,139736.6065,3255.424093,272230.5871,20.96590292,20.31319822,47.47679949
Lifting_Off_s010,33.247,4.59402,26.3167,5.006,136387.2917,283192.4295,79749,2340398,1518.682589,75.27272042,1466.652313,1692.188712,135926.5409,3242.445319,257338.511,20.46296274,18.19420294,44.0173491
Lifting_Off_s011,36.0369,4.4939,28,4.3712,137173.6917,253421.1183,99849,2900206,1718.927816,11.42630786,1690.885757,1734.060929,131275.9076,3236.654617,245662.0341,20.23856733,15.60771987,41.30488698
Lifting_Off_s012,35.6438,4.5248,27.7833,4.4627,139339.4833,251767.9376,101012,2883652,1738.974752,7.892878223,1724.321445,1755.076447,132030.3611,3241.79995,247102.1415,20.43795406,16.02731462,41.63942596
Lifting_Off_s013,34.1483,5.40483,27.0417,5.9624,146157.8667,290669.7707,59482,2836584,1789.561046,19.24944342,1750.249702,1825.448657,133090.6069,3238.299541,251378.4728,20.30230977,16.61697791,42.63282378
Lifting_Off_s014,30.6982,4.7662,24.4083,4.4804,86791.78333,182357.1233,53443,2074070,1813.988641,18.54374429,1787.08813,1848.207191,141057.694,3251.636515,282672.4279,20.81913056,21.04793053,49.90245392
Lifting_Off_s015,30.6672,3.74813,24,3.8131,83984.91667,178049.7549,50471,2023230,1792.900953,14.94469092,1769.293989,1812.468649,142794.8101,3258.565233,287713.3789,21.0876252,22.01404006,51.07347397
Lifting_Off_s016,19.1261,8.42741,16.2167,8.4883,72558.31667,197366.4221,44327,2105904,1683.979158,117.5458335,1465.010288,1908.262283,146039.9876,3273.416427,284660.2641,21.66312352,23.8188688,50.36423107
Lifting_Off_s017,15.2261,12.0567,13.4167,11.294,53630.1,61373.79285,43100,722306,1447.410609,100.4531119,1308.184761,1626.276936,146830.8227,3274.797258,286296.8347,21.71663206,24.25869741,50.74440875
Lifting_Off_s018,12.9172,9.0212,11.2917,8.6111,46344.43333,54555.15263,34998,637648,1057.67081,137.0660518,918.5538967,1416.059889,150227.1765,3284.370034,288567.5787,22.08758649,26.14760395,51.2719058
Lifting_Off_s019,14.386,7.27792,12.1083,7.1018,44740.00833,42618.19309,37244,507504,1031.489197,71.47172878,912.8753223,1286.149726,150131.1719,3285.378968,288409.2736,22.12668368,26.0942103,51.2351313
Lifting_Off_s020,16.7244,4.86007,14.3833,5.3773,51878.14167,100931.0785,33256,1005233,1171.079903,311.8427512,880.9937366,1635.054349,150912.4798,3287.374138,292568.7871,22.20399849,26.52874027,52.20139218
Lifting_Off_s021,21.2728,1.92401,17.4417,2.4558,51489.64167,93461.04824,38184,1069693,1643.522492,6.121067355,1634.878112,1653.309579,151122.2958,3286.664728,297892.363,22.17650813,26.64543098,53.43806641
Lifting_Off_s022,21.5212,1.83087,17.3583,2.401,49948.95,89595.50044,38776,1026466,1647.569413,5.432450416,1633.804613,1655.425115,150341.2504,3284.089505,295302.1903,22.07671574,26.21104696,52.83636563
Lifting_Off_s023,21.678,1.73213,16.8333,2.6367,50050.81667,99274.42976,16471,1129418,1569.967492,74.01339675,1385.93238,1633.427916,147160.2584,3274.367886,283188.481,21.69999347,24.44191544,50.02233377
Lifting_Off_s024,22.8398,1.88661,17,2.4286,48527.95833,98430.18394,38184,1122238,1634.321788,17.87227357,1604.7851,1663.237483,151286.6661,3290.542668,297166.0806,22.32678211,26.73684669,53.26934998
Lifting_Off_s025,22.7108,2.32463,17,2.72,49339.74167,96091.52793,38021,1097478,1677.871142,8.730479079,1663.240057,1691.212396,151131.526,3289.708582,297303.9611,22.29446047,26.65056439,53.30137982
Lifting_Off_s026,24.2094,3.06298,18.3,3.8933,71103.65,188532.1714,39982,1831254,1770.082928,162.793027,1690.712005,2163.486347,148040.2545,3281.110679,290221.9429,21.96128329,24.93133159,51.65621695
Lifting_Off_s027,31.184,2.50199,25,3.4711,83351.58333,175169.5472,60136,1992810,2123.610789,8.617496438,2110.590942,2145.856348,145295.5901,3272.082223,294159.2873,21.6114218,23.40486683,52.57086763
Lifting_Off_s028,31.2876,2.42533,25,3.2455,80811.50833,172856.1012,59442,1965608,2104.267833,4.468843312,2098.699396,2114.475151,145399.4024,3272.41145,294519.0497,21.62417966,23.46260276,52.65444096
Lifting_Off_s029,31.1265,2.32327,25,3.1971,81585.29167,172490.1632,59992,1962461,2101.666481,5.247504046,2091.893204,2115.325675,145792.7165,3273.987681,295357.8573,21.68526017,23.6813472,52.84929714
Lifting_Off_s030,31.1761,2.57501,25,3.4437,81625.7,173363.9911,61706,1972621,2110.101178,4.791462456,2102.575354,2119.037649,145981.2515,3274.833898,295876.2307,21.71805188,23.78620231,52.96971603
Lifting_Off_s031,33.9321,3.75323,30.1,6.3421,156950.2,264343.9271,63696,2354194,2305.982103,165.1223332,2107.910571,2462.607078,135022.3532,3226.349293,271415.7372,19.83922596,17.69133248,47.28750871
Lifting_Off_s032,35.9333,3.904,34,6.6343,186595.1583,238841.8656,160308,2791986,2428.903212,9.226664073,2408.603989,2442.850718,131119.5428,3199.600975,264878.5284,18.8027024,15.52075649,45.76890585
Lifting_Off_s033,35.8075,4.19218,34,6.7375,186216.9333,236125.8122,160519,2761744,2466.638337,37.10709492,2416.579786,2514.197403,132208.9797,3205.240421,269880.7241,19.0212365,16.12665462,46.93092298
Lifting_Off_s034,29.7636,3.59893,28.4917,5.7994,163436.85,259497.3909,107645,2764382,1639.876414,611.7261616,1222.507245,2539.647035,137297.6581,3211.144315,282779.5413,19.25001814,18.9567596,49.9273365
Lifting_Off_s035,27.0755,2.73007,26,4.0618,122262.6167,117332.9682,108510,1401565,1229.384384,2.150839606,1226.035253,1233.500614,141045.9829,3218.911969,293791.7572,19.55102235,21.04141731,52.48548987
Lifting_Off_s036,27.0598,2.48981,26,3.9917,123791.55,118419.4977,108502,1415137,1248.577068,10.17255008,1233.486664,1269.920973,141166.4621,3219.351009,294394.8919,19.56803559,21.10842267,52.62559891
Nature_in_the_city_s000,25.9521,1.95231,18.075,2.9412,57771.475,16819.42315,0,89265,2736.370692,1090.059095,0,3312.280099,150847.0939,3291.263234,273570.6828,22.35470475,26.49237546,47.78810562
Nature_in_the_city_s001,33.774,3.42572,21.2833,4.0965,99680.35,137355.684,67944,1596426,2911.907799,106.145095,2609.106899,2962.668918,138913.2571,3247.973414,237765.188,20.67718182,19.85528655,39.47043843
Nature_in_the_city_s002,22.7618,1.34116,12.0083,1.8149,42106.66667,227629.9212,2431,2506778,1813.776052,397.0973313,1617.345284,2962.380414,160456.1402,3315.221755,291299.5697,23.28312093,31.83651542,51.90655119
Nature_in_the_city_s003,29.8294,2.6018,24.2833,3.4556,26273.75833,91877.55448,2578,1024556,2333.877673,501.2001686,1543.631449,2726.052472,151863.7115,3287.737995,291591.4259,22.2180983,27.05777458,51.97434979
Nature_in_the_city_s004,25.6684,2.34634,19.9583,3.2099,41757.275,238437.2517,7706,2641093,1807.418578,757.9300868,1063.061966,2732.665747,157048.8662,3307.12843,298516.8873,22.96949666,29.94153559,53.58314429
Nature_in_the_city_s005,21.6139,1.37068,16.4917,2.1166,20579.54167,76899.57003,300,854369,1429.800759,403.3775867,1061.439884,2001.835799,159826.477,3312.49963,297816.0594,23.17763592,31.48632373,53.42034099
Nature_in_the_city_s006,27.289,1.53573,27.1583,2.9026,42973.875,177431.5382,3820,1936983,1869.582474,231.3503719,1337.448679,1997.774236,147945.155,3279.850236,285001.1461,21.9124399,24.87844132,50.44341846
Nature_in_the_city_s007,38.3355,5.99068,51.5417,6.9045,158832.625,357539.0537,38126,4029703,1571.131459,25.37119683,1535.955872,1610.379365,136049.1884,3241.487516,274973.0145,20.42584693,18.26241421,48.11386927
Nature_in_the_city_s008,38.2226,7.39414,51.6083,7.8307,143812.7083,382700.0443,41279,4298169,1583.716582,12.22317168,1553.136662,1606.238065,134381.3051,3230.486018,271445.8386,19.9995281,17.33480898,47.2945013
Nature_in_the_city_s009,30.8296,2.88716,34.9917,4.819,89644.65,379446.4666,3149,4171412,1500.294714,128.9318746,1168.17813,1571.639826,138579.6987,3227.348823,262613.0054,19.87795871,19.66977567,45.24262164
Nature_in_the_city_s010,27.0527,1.56176,31.0667,2.5109,35597.95,206949.0242,4061,2291336,1222.979593,218.2003784,993.9276573,1567.283927,143716.7805,3245.767517,266691.6656,20.59170114,22.52680056,46.19010018
Nature_in_the_city_s011,26.9718,1.98457,32.725,1.9954,33317.08333,168027.8405,6984,1864101,1099.056814,7.640603572,1071.138282,1114.493136,150540.2279,3287.170166,289361.2013,22.19609437,26.32170973,51.45626545
Nature_in_the_city_s012,36.3271,1.28152,34.3167,2.3258,28472.18333,135261.294,3933,1500449,2242.775927,362.4847982,1105.746011,2398.139186,143718.6883,3248.73373,280052.6631,20.70664481,22.52786156,49.29387884
Nature_in_the_city_s013,38.0859,1.07422,35.125,1.4021,38816.95,278162.7338,5117,3072737,2394.853097,0.774835078,2393.352252,2396.581844,155493.2665,3303.258556,309310.6416,22.81953522,29.07637766,56.09054873
Nature_in_the_city_s014,31.061,2.80503,34.35,3.5943,56543.78333,275722.3467,6283,3061270,1489.660595,445.8320206,1201.132968,2395.277175,137513.1324,3208.238622,246165.424,19.13741969,19.07659717,41.42182515
Nature_in_the_city_s015,30.1722,3.60017,35.9583,3.0798,52653.13333,196598.9884,22270,2195803,1246.527143,8.638982743,1229.970001,1257.105899,143144.0993,3257.351293,270327.0999,21.04058382,22.20829977,47.03461672
Nature_in_the_city_s016,27.0043,2.2371,22.7833,3.1538,42608.35833,199318.0045,5178,2210557,1607.041998,373.8969248,1240.56758,2053.329043,149388.439,3285.919535,273986.234,22.14763119,25.68113404,47.88463877
Nature_in_the_city_s017,25.3925,0.672711,10,1.223,17947.56667,127453.7116,3899,1408258,2051.272432,1.079905599,2048.825781,2053.648499,175720.2404,3337.618702,313770.7915,24.15102456,40.32575413,57.12664785
Nature_in_the_city_s018,26.1805,1.3909,12.0333,2.2232,32342.51667,128093.6158,2585,1404562,2362.326872,578.7438162,2041.413004,3697.033758,161540.9982,3320.506434,295986.2244,23.4879074,32.43986698,52.99526771
Nature_in_the_city_s019,31.1174,3.71549,20,4.3615,85052.725,180584.0328,54743,2054010,3704.635841,4.33997877,3695.680704,3711.627862,144039.2807,3269.079978,259854.4395,21.49508187,22.70616133,44.60180286
Nature_in_the_city_s020,30.8842,3.98997,20.2917,5.1342,80721.60833,180006.565,55174,2043368,3647.184135,220.0179237,2629.738172,3716.367574,142725.8435,3261.800794,256374.9178,21.21300633,21.97568379,43.79350504
Nature_in_the_city_s021,39.8664,3.11726,33.9333,3.6436,94574.73333,147982.4638,63816,1706634,2586.198247,60.39534167,2379.59953,2610.737994,135605.0723,3219.674985,251192.4318,19.58058997,18.01541585,42.58960619
Nature_in_the_city_s022,37.4232,2.34763,36.575,4.2154,104645.125,298475.7627,38858,3357078,2178.233517,320.9206511,1731.170246,2610.797488,137299.074,3223.57257,256763.3701,19.7316252,18.95754707,43.88374305
Nature_in_the_city_s023,27.9438,2.77956,24.6,3.8516,80626.225,305319.1594,6451,3387806,1711.359615,263.1001188,1287.316059,2004.225376,153193.2032,3300.790021,294684.4718,22.7238771,27.79718097,52.69286873
Nature_in_the_city_s024,18.6976,3.70934,7,2.3576,15051.53333,69286.92882,5409,770793,1528.409551,1.73133401,1524.818694,1532.207381,176889.585,3336.279701,319222.8907,24.09913695,40.97609357,58.39317825
Nature_in_the_city_s025,18.7954,2.81758,7.3333,2.1012,16489.45,67927.44462,6477,756882,1548.165981,124.417158,1341.582947,1835.788208,172014.9782,3332.239583,312066.4537,23.94257841,38.26504604,56.73072777
Nature_in_the_city_s026,19.6642,1.20039,8.35,1.3477,17360.98333,86300.45188,4618,958277,1823.052747,21.11327516,1777.039028,1839.379043,171349.9204,3331.016064,310063.2833,23.89516588,37.89516937,56.26538846
Nature_in_the_city_s027,21.5934,2.49432,9.8083,2.2485,20238.40833,78643.12895,6712,876970,1780.463645,59.81998154,1746.926121,2136.426973,168797.8082,3328.977674,309916.3861,23.81617627,36.47579385,56.23126402
Nature_in_the_city_s028,28.0086,2.31472,13.825,2.2906,28942.55833,105748.146,14826,1182188,2998.023476,161.3639993,2200.751103,3045.613647,160978.0385,3317.436152,297754.06,23.36893096,32.12677291,53.40593844
Secounds_That_Count_s000,20.5912,9.98341,12.0417,10.4909,72389.24167,117156.8929,0,1296436,1304.025363,1062.975781,0,2773.78554,206556.9282,4531.341904,400532.6245,70.40896811,57.47579912,77.28154466
Secounds_That_Count_s001,31.2479,16.8626,19.8667,17.8502,123288.5583,267251.4475,36461,2807671,1821.426046,792.1983181,1081.421422,2806.88134,192591.1268,4412.809132,385185.8191,65.81570706,49.70861857,73.71646002
Secounds_That_Count_s005,21.1286,0.985685,12.2167,1.9895,19056.14167,14107.60747,0,56129,513.9150663,248.6285697,0.616035146,704.3771873,223137.0005,4543.43324,438265.7314,70.87751924,66.6969252,86.04699888
Secounds_That_Count_s006,23.4683,6.59339,15.5167,6.1009,73813.09167,245041.6666,0,2208304,2110.337022,961.9840301,698.7796529,3352.488001,204676.116,4403.39011,381101.6384,65.45071073,56.42977193,72.76769904
Secounds_That_Count_s007,33.423,10.1338,19.575,8.649,94753.51667,234987.9504,33713,2523117,1846.280027,133.4788496,1180.259297,1985.12937,208160.0485,4507.729141,420273.8985,69.49395043,58.36738594,81.86747061
Secounds_That_Count_s008,8.24291,17.5645,7.4083,9.8029,47691.4,70537.74339,19406,738673,1418.708861,417.1324242,973.3097691,2282.837152,197516.1963,4349.498923,380669.7453,63.36237446,52.44773128,72.66736967
Secounds_That_Count_s009,29.7134,10.822,18.975,9.0986,103093.775,265489.3902,19989,2964843,1795.167717,423.1265375,956.2552874,2210.354394,197724.023,4424.374272,385385.7553,66.26386759,52.5633156,73.76290548
Secounds_That_Count_s010,11.2007,10.2903,10.725,8.4739,58414.225,47497.41905,24250,449617,1402.124511,220.3701583,1052.355276,1743.702088,195085.8007,4430.355748,312848.2246,66.49565564,51.09604933,56.91233426
Secounds_That_Count_s011,8.55697,9.80741,7.725,6.2054,53446.4,235013.9863,13731,357371,1665.722427,363.1138742,1232.720517,2456.341439,210027.9857,4507.638832,384271.6471,69.49045086,59.40625263,73.50409657
Secounds_That_Count_s012,35.6261,6.76253,22.3583,5.4253,77840.55833,246782.4498,33595,377476,1683.904543,72.736028,1601.794287,1805.628199,201620.7762,4418.192771,404530.8299,66.02432835,54.73052282,78.21033344
Secounds_That_Count_s013,26.4683,8.84883,17.9917,8.3195,99608.36667,333082.1895,28024,380165,1681.422662,75.52130137,1618.148429,2054.273295,202432.484,4535.518229,382514.6257,70.57080481,55.18195989,73.09593799
Secounds_That_Count_s014,38.4085,4.30292,23.825,3.6565,64301.45833,277438.5599,32026,378842,1978.599275,32.26153798,1949.228826,2050.40071,204088.6913,4350.651338,408754.3761,63.40703165,56.10307146,79.19146921
Secounds_That_Count_s015,17.391,10.5673,12.0417,9.0049,69507.575,274389.4847,27471,377363,1669.719494,238.366093,914.9274393,1961.709778,199662.9584,4410.578703,366927.7101,65.72927577,53.64166838,69.47507541
Secounds_That_Count_s016,21.3905,11.2446,13.7167,10.1324,76075.01667,260082.5507,32125,359211,1840.813861,207.6923513,1488.856893,2250.217178,200565.8273,4436.951809,384280.8419,66.75125945,54.1438054,73.50623252
Secounds_That_Count_s017,26.0033,9.04463,16.4667,7.8825,65171.69167,278404.6556,19560,378980,1595.380458,584.0110618,692.4582388,2332.175964,208640.9897,4505.205614,407644.7955,69.39616128,58.63486486,78.93371206
Secounds_That_Count_s018,29.5575,9.38748,18.325,8.6048,81234.175,269915.4453,38171,358348,2110.864355,178.8411208,1931.340716,2383.203208,200100.3484,4381.185736,398817.2994,64.59026951,53.884926,76.88307222
Secounds_That_Count_s019,33.6674,9.57162,21.025,8.3367,89889.65833,248773.4379,42526,372776,1901.575965,31.29608053,1843.706344,1948.934792,201929.7113,4426.219565,407628.8888,66.33537448,54.90233927,78.93001691
Secounds_That_Count_s020,46.0494,6.44977,20.2583,6.8741,74843.225,226916.4152,1033,368122,2350.796475,1290.359498,0.616035146,3540.37675,211938.6972,4488.977318,420101.6054,68.76729889,60.46890852,81.82744666
Secounds_That_Count_s021,64.2775,3.70088,26.0917,4.5543,68820.08333,550286.571,9489,262662,3569.764985,70.68601172,3429.970668,3674.102275,217962.9682,4448.851337,431501.9535,67.21237782,63.81935005,84.4757637
Secounds_That_Count_s022,25.2539,21.3784,33.525,30.2458,149768.8417,388471.3953,0,4323187,966.7167779,711.1928542,0.616035146,3412.015163,179849.342,4438.019419,383954.8304,66.7926304,42.62218359,73.43049959
Secounds_That_Count_s023,23.2924,14.6111,25.175,18.1459,124904.2833,493579.8695,37941,5351299,1962.003917,271.9068669,1342.575199,2246.538115,186006.8186,4227.004599,391483.5028,58.6155994,46.04670839,75.17942088
Secounds_That_Count_s024,29.3127,9.71878,22.275,9.5017,101132.5667,238098.9786,38157,2427600,1472.655977,343.9183489,1176.994896,2235.313039,196878.1013,4455.693371,392892.0684,67.47751336,52.09285017,75.50663264
Secounds_That_Count_s025,24.6734,9.03921,25.35,8.2503,89675.88333,220041.4396,47257,2272794,1946.247873,139.696647,1818.989605,2211.390248,189529.401,4311.576048,374026.5169,61.8928259,48.00581782,71.12413829
Secounds_That_Count_s026,25.1741,6.82687,24.1917,7.8499,92166.56667,254949.6588,42709,2410458,2899.703849,768.2412609,1347.677427,3354.132995,195434.9547,4331.969199,391079.583,62.68308046,51.29023384,75.08558973
Secounds_That_Count_s027,21.9355,13.1982,19.25,14.1877,92622.89167,183968.6813,41388,1637910,1749.583636,545.035189,1303.798751,2608.622409,202726.8713,4513.761941,404914.4789,69.72772734,55.34568553,78.29945565
Secounds_That_Count_s028,26.6105,7.85671,24.4167,6.7679,86007.25,200593.4414,43009,1791393,1490.391696,75.62798952,1387.682299,1617.802163,200899.4402,4433.662167,391150.9386,66.62378262,54.32934661,75.10216573
Secounds_That_Count_s029,26.3724,14.323,23.4583,16.4449,158729.4417,263041.2883,29373,2129185,2396.483335,649.8147478,1255.421169,2923.533409,182503.6615,4307.608946,347022.6854,61.73909681,44.09840241,64.85110996
Secounds_That_Count_s030,23.0066,9.43237,17.9833,10.3994,68077.2,189217.0949,27123,1860343,2712.08178,165.1781341,2472.79963,2882.047345,212396.7084,4595.701693,422503.9441,72.902973,60.72363472,82.38551335
Secounds_That_Count_s031,23.2876,9.61053,18.8667,10.3796,94178.625,249849.0773,31722,2127254,2408.17477,198.8752794,2054.902985,2634.464651,202232.4284,4462.795001,396921.9621,67.75270846,55.07069755,76.44278267
Secounds_That_Count_s032,29.5572,5.26274,27,6.7344,83185.2,260125.1745,38639,2285031,1995.641032,54.43380865,1925.053918,2053.489865,208817.8226,4504.80899,421198.3705,69.38079171,58.73321176,82.08222676
Secounds_That_Count_s033,40.8866,3.84343,22.7667,4.5987,67522.88333,192689.3521,1256,2025467,1739.83743,820.4751757,0.616035146,2316.240204,217619.966,4528.416796,428886.1017,70.29561732,63.62858692,83.8680976
Secounds_That_Count_s034,57.1463,2.85249,28.6167,3.1583,59381.725,436388.491,11416,4817746,2333.350367,78.39859237,1772.451501,2419.124024,221498.9869,4441.305675,427920.3777,66.91997602,65.78593216,83.64375857
Secounds_That_Count_s037,29.8762,17.854,19.25,17.8945,143487.4333,448116.1213,0,4286159,1752.785955,533.9846198,445.7730601,2387.25951,199857.1297,4524.179264,408407.1179,70.13140881,53.74965817,79.11080064
Secounds_That_Count_s038,22.5449,19.3694,22.6083,22.1735,142259.4167,241875.2485,51174,2453372,1780.327431,740.02013,1036.918828,2798.626977,174292.5576,4234.228396,308706.628,58.89552861,39.53173816,55.95023552
Secounds_That_Count_s039,16.4718,11.1484,15.0167,12.5972,92931.48333,143272.2267,0,1459324,1103.566607,552.6212768,516.5652462,1811.624475,187104.4227,4354.715594,325597.9932,63.56452557,46.65714875,59.87412358
Secounds_That_Count_s040,31.6353,4.74375,26.125,5.7419,99363.18333,270842.8051,22400,2103398,1672.251662,579.592132,1139.906364,2956.541827,199544.0781,4314.757475,398840.1252,62.01610929,53.57555227,76.88837467
Secounds_That_Count_s041,46.429,9.21042,28.7,8.6496,80952.88333,355965.2838,26870,3962950,2881.767781,58.48046075,2777.581261,2942.838891,210549.4086,4506.797339,441154.161,69.45784218,59.69624571,86.71798519
Secounds_That_Count_s042,18.2001,24.5733,13.825,20.2023,123859.1333,351432.7198,49799,3836802,1808.124481,679.5973513,1029.984694,2777.013622,180703.2266,4207.593837,363794.5567,57.86341333,43.09707766,68.74723944
Secounds_That_Count_s043,18.2961,17.5063,16.95,17.6647,88692.99167,113171.8604,43938,1179286,1199.946002,143.3256843,1022.735303,1449.814528,185124.5815,4230.09909,358223.1666,58.73551396,45.55604589,67.45299761
Secounds_That_Count_s044,25.8782,5.66694,25.0417,6.4728,66820.20833,106334.4597,29540,1091963,1065.613802,67.3761345,959.6733065,1126.324361,202979.3651,4376.909337,412714.0337,64.42455486,55.48611177,80.11130329
Secounds_That_Count_s045,30.2129,1.73685,26.9083,2.7872,49931.475,173254.4984,29641,1895747,1117.880892,86.44812611,178.8208694,1126.740981,214872.5295,4560.826582,436911.8934,71.55152828,62.10058037,85.73250039
Secounds_That_Count_s046,51.5999,5.29578,27.85,4.8033,82929.775,73429.19108,29470,483140,2479.035155,1067.366236,180.4701914,3105.13151,207663.1666,4458.701847,418735.1763,67.59409475,58.09104154,81.51002325
Secounds_That_Count_s047,54.331,8.42481,26.6417,9.9641,110458.1833,451925.2566,27518,5031609,2784.665263,1088.192356,274.9897175,3490.128796,187073.5212,4306.036514,374474.0356,61.67816351,46.63996267,71.22809753
Secounds_That_Count_s048,15.8021,1.58053,5.75,2.2596,15235.56667,41772.71953,0,455185,111.1740904,83.65319017,20.00237502,266.5861793,283017.6902,5294.96213,498329.9413,100,100,100
Secounds_That_Count_s051,22.4551,8.63602,20.3167,9.5937,106090.7083,184152.6935,45793,1893101,2088.565969,379.0142438,1777.048926,2613.380239,197066.5241,4417.599214,376915.1669,66.00132745,52.19764285,71.79517578
Secounds_That_Count_s052,29.5846,4.54712,27.4333,5.3567,90825.61667,244727.791,37083,2188201,2334.415541,442.7047373,1648.835285,2634.611862,203784.8679,4538.117685,404076.665,70.67153628,55.93409793,78.1048303
Secounds_That_Count_s053,27.3558,5.49762,28.0417,5.6031,82161.5,173798.0293,51582,1971874,1639.715947,105.7398968,911.5031568,1695.112777,193356.7516,4358.696959,382184.5575,63.71880737,50.1344263,73.01926269
Skateboarding_s000,13.8078,1.85865,16.6167,3.8477,53210.38333,50672.87593,0,589102,1290.608066,344.6089908,0,1411.030042,154568.7974,3286.714048,298882.4212,22.17841936,28.56222753,53.66805834
Skateboarding_s001,23.7943,2.57855,27.4083,5.3813,89040.85,134297.1552,42478,1242741,1603.273033,152.3986702,1388.495304,1723.660322,146518.1027,3259.104931,291581.6216,21.10853902,24.08477597,51.97207223
Skateboarding_s002,20.0337,5.56816,27.2167,8.6641,166094.825,463020.3414,74657,4838996,1417.387134,59.87165374,1188.960495,1463.552962,134430.5873,3183.314253,247729.0047,18.17157597,17.36221764,41.78504717
Skateboarding_s003,29.1664,13.755,58.7083,21.0775,497449.15,564799.577,44096,5831884,1417.535297,437.618626,1058.419244,2116.835846,118233.4952,3044.561991,242907.8671,12.7947899,8.35408874,40.66509008
Skateboarding_s004,20.5069,7.63693,21.7083,9.8101,97247.05,99022.15595,47704,1029596,1557.863542,174.635005,1172.998666,1850.138791,142146.5469,3246.723162,283532.2497,20.62873333,21.65350385,50.10219174
Skateboarding_s005,33.4288,6.03783,24.6417,8.7971,58269.65833,105613.3448,0,1128842,1206.548262,608.7418085,0.616035146,1744.888024,146280.5465,3280.173291,295037.669,21.9249586,23.95265738,52.77491695
Skateboarding_s006,61.5495,0.488305,52.6917,3.9537,99129.525,766970.2025,0,6660661,1480.379843,854.7260974,844.318961,2619.372586,152446.4285,3306.773827,314361.3108,22.95575543,27.38185684,57.26382633
Skateboarding_s007,29.9499,20.7098,45.65,34.4861,354350.4167,647483.1964,0,6706848,2042.649884,323.0159983,1685.720251,2619.372586,128734.2495,3124.99486,297156.6354,15.91164238,14.19415851,53.26715586
Skateboarding_s008,37.6022,20.1188,50.725,40.7165,463324,443006.2988,311641,4201370,2342.759008,454.141508,1726.233718,3088.80203,126651.9051,3103.56763,298300.2332,15.08131621,13.03604777,53.53281523
Skateboarding_s009,41.2446,8.31083,69.9583,16.1749,694513.725,382295.9454,631648,4852430,3029.102822,39.01126169,2931.377308,3078.336975,123085.0089,3017.850645,284676.1953,11.75969909,11.05229287,50.36793193
Skateboarding_s010,30.9054,15.0169,66.7083,26.6945,1171716.658,848293.6061,371969,4667733,2270.935535,530.1096074,1474.573661,3349.340715,115351.3711,2869.143253,203271.8089,5.997141939,6.751174795,31.45757757
Skateboarding_s011,20.5218,13.7679,42.9917,21.2156,548192.1667,451865.4901,201116,4567887,2033.896027,1035.542613,740.9524281,3342.383499,124866.5158,2991.43895,251666.2041,10.73622001,12.04309072,42.69966417
Skateboarding_s012,23.2172,17.2376,49.7667,27.4375,665155.3167,235801.2847,379658,2797231,2699.611722,623.7532264,2125.518107,3876.093373,122952.973,2940.906073,245708.1802,8.778021543,10.97886018,41.31560677
Skateboarding_s017,20.1461,3.24034,25.125,6.1963,101867.125,93031.83178,24616,1092197,1510.692002,363.6453361,410.9651888,1661.39284,149522.2244,3265.401087,302373.4068,21.35252124,25.75553975,54.47901923
Skateboarding_s018,20.9863,5.85177,26.9417,6.8102,123156.175,97134.90978,96431,1168013,1653.920882,30.0097731,1559.71066,1686.208923,146550.2669,3249.046759,299581.6542,20.71877499,24.10266431,53.83049116
Skateboarding_s019,24.137,8.20577,37.9083,9.4291,207315.6,186512.85,98187,2030143,1087.505928,424.0619939,735.4261303,1762.003408,137843.9504,3207.276797,280682.8863,19.10014806,19.26058399,49.44028059
Skateboarding_s020,17.2611,13.668,24.375,15.4041,135373.6417,167261.5446,98260,1949715,1003.357896,290.2230917,753.4231605,1806.536505,139634.7965,3217.20175,277794.4688,19.48474969,20.25657586,48.76929711
Skateboarding_s021,27.6934,11.332,31.5167,14.935,177968.5833,303443.6161,92653,3338647,1712.36684,646.7331883,984.9948202,2489.185046,134493.1147,3212.095933,263723.6975,19.28689429,17.39699266,45.50063698
Skateboarding_s023,15.3987,7.64066,18.7667,9.1244,96352.00833,39925.01368,87144,530976,513.068478,29.73580592,460.2514134,546.5320032,145911.4355,3250.800228,281745.4818,20.78672364,23.74737365,49.68712303
Skateboarding_s024,15.4045,13.4443,19.525,14.4294,121996.75,56650.01818,94848,664339,737.5729234,110.4578186,540.498202,908.3830411,139279.445,3218.496518,258421.8348,19.53492324,20.05894458,44.26900677
Skateboarding_s025,15.4253,16.5367,21.0583,19.3658,203905.5333,82279.03317,122484,760776,764.1630464,82.94565032,627.2208946,868.5239876,127144.9588,3132.734063,195677.0122,16.21154406,13.3102631,29.69329552
Skateboarding_s026,16.9759,11.4088,20.4083,13.5073,123961.7,66787.55589,96714,690369,800.1892483,91.66384411,534.0842624,856.4141583,141464.0048,3226.991938,272099.818,19.86412906,21.27390319,47.44642164
Skateboarding_s027,16.3889,16.949,21.3833,17.966,180770.775,102892.7408,99772,695745,795.3500044,103.0534388,620.5287389,982.7047854,130013.1175,3159.372072,216868.9773,17.24379301,14.90541013,34.61621906
Skateboarding_s028,18.3588,14.6396,23.3,18.1733,211287.8833,122185.8077,108527,1102890,843.7719496,57.6002029,693.2387099,927.260917,126194.1866,3123.039859,200842.0399,15.83588418,12.78148433,30.89313878
Skateboarding_s029,14.5026,13.6726,16.9417,15.9035,107280.3417,67875.03729,61602,801466,864.7982475,38.21352161,759.1198642,929.6347977,143432.6842,3245.950908,273405.3267,20.59880775,22.36879834,47.74969317
Skateboarding_s030,15.783,13.2406,19.9833,24.5714,224832.125,103284.4487,62711,973392,750.1160218,82.77471196,613.9185584,926.4553599,123664.7769,3075.360813,157871.9463,13.98827441,11.37473497,20.91112512
Skateboarding_s031,15.2301,17.3251,17.0583,24.8278,179990.325,55588.70487,84592,622951,893.400692,240.6144441,605.3808933,1532.868573,127202.4463,3135.35172,184681.3788,16.31298085,13.34223522,27.1389943
Skateboarding_s032,29.9021,9.7118,40.525,9.8392,132990.175,291957.7288,45588,3302913,1237.932363,225.980208,159.6925445,1632.744812,138424.5858,3240.902142,285508.5708,20.40316309,19.58350854,50.56129394
Skateboarding_s033,35.3054,5.90683,48.3583,7.4626,141154.9167,327814.5268,74180,3378698,1273.130946,80.25339256,1159.169687,1410.20934,139239.0032,3252.081403,291131.177,20.83637043,20.0364526,51.86743332
Skateboarding_s034,26.4924,10.1318,34.4,8.7416,113098.1,161058.0889,75527,1852873,1401.09547,64.34149696,1250.262211,1545.543014,142186.2244,3250.758476,291641.7338,20.78510571,21.67557076,51.9860364
Skateboarding_s035,26.7125,8.07174,34.1333,7.5874,110640.9083,155237.8309,74037,1796299,1448.015082,42.76301763,1393.176611,1526.189313,142412.614,3252.63637,288527.5326,20.85787595,21.801479,51.26260304
Skateboarding_s036,23.8085,10.8199,32.075,9.8191,112077.525,137751.7054,73245,1424111,1394.848075,100.6523839,1266.412541,1583.906046,139744.2964,3231.376854,279722.5793,20.03404888,20.317475,49.21719989
Skateboarding_s037,17.4086,8.69949,27.0167,7.5128,107689.25,78338.30886,96447,961477,1312.897001,77.76771523,1145.680824,1618.261458,145618.5934,3252.891449,289132.2414,20.8677605,23.58450742,51.40307775
Skateboarding_s038,21.7402,4.99518,32.2667,6.7825,133383.5417,169779.5191,85382,1746187,1255.890186,196.5533588,995.9907586,1449.975163,143750.2305,3252.089109,284654.4849,20.83666904,22.54540397,50.36288857
Skateboarding_s039,29.2786,3.28407,40.7333,4.7371,137187.7667,177570.9339,65702,2042762,1025.475472,6.064928716,1009.112112,1034.475721,144257.41,3271.058298,298804.3541,21.57174371,22.82747553,53.64992323
Skateboarding_s040,27.1908,11.0228,35.5083,9.7866,151401.15,181385.9385,81997,2105081,1336.235491,264.1942922,1024.534545,1859.061372,140729.0968,3248.286301,285689.0027,20.6893065,20.86517881,50.60320851
Skateboarding_s041,30.5019,9.02479,40.575,10.4666,164437.725,299342.6182,87882,3101749,1430.676056,421.1391147,1030.561081,2141.200917,136440.9809,3222.646296,272930.2095,19.69573117,18.48031244,47.63932276
Skateboarding_s042,37.405,9.34164,51.8083,7.6232,151785.15,312219.7517,101151,3555483,1301.70249,76.96425277,1161.975372,1432.647391,139364.0945,3255.215941,296840.6078,20.95783683,20.106023,53.19374219
Skateboarding_s043,39.7549,6.2347,52.05,12.8775,338505.875,418957.2598,38153,3530055,2211.752062,397.4137232,1178.883234,3501.060812,131980.1041,3217.499953,270799.5523,19.49630534,15.99936381,47.14436808
Skateboarding_s044,15.603,4.98653,10.7417,4.0654,56375.95,71163.25078,29617,764755,1557.1418,652.4466685,842.8099945,3024.878091,157288.9842,3300.781672,313403.4147,22.72355355,30.07507893,57.04130572
Skateboarding_s045,13.0443,2.90279,9.6083,2.8512,37299.33333,29679.81683,28077,342647,802.4952317,82.5157138,585.8522633,942.9762152,160490.6692,3306.608531,319599.3644,22.94935005,31.85571898,58.4806336
Skateboarding_s046,12.7346,5.52944,9.0833,3.8176,42956.925,30922.70913,27094,339275,543.6541445,63.90988261,387.7066236,655.8433724,160492.3318,3306.997765,321176.0726,22.96443323,31.85664364,58.84690516
Skateboarding_s047,12.2406,2.66583,7.95,2.8132,31671.94167,23932.72171,17307,275560,343.0912294,71.83475564,129.2357204,437.4290553,161920.9329,3309.844015,321702.2963,23.07472821,32.65117037,58.96914767
Skateboarding_s048,12.2245,2.53011,6.95,3.1726,27436.38333,20135.93598,19515,234629,117.515502,10.95324322,81.57732287,133.3281503,164246.7367,3312.714642,324815.032,23.18596784,33.94468284,59.6922406
Skateboarding_s049,13.3513,1.56438,7.1083,3.8022,20222.06667,22343.96105,99,250142,99.54286348,71.23279989,0.616035146,463.3495831,168561.0079,3322.601207,323845.7202,23.56908191,36.34409571,59.46706809
Unspoken_Friend_s000,17.3257,5.42704,15.0167,4.7488,66898.96667,133088.7756,0,1478097,1388.29878,808.4697041,0,2007.156,151018.4571,3290.687869,292107.1662,22.3324088,26.58768032,52.09415701
Unspoken_Friend_s001,29.3999,10.3071,22.7417,13.0563,161369.45,151832.1636,101846,1786425,1577.053135,8.78665367,1551.817953,1598.761232,133160.4093,3220.092723,251408.5008,19.59677774,16.65579901,42.63979934
Unspoken_Friend_s002,37.8532,6.50899,41.0083,7.6308,157138.4083,315729.6972,94405,3186300,1797.499618,69.69576578,1575.158874,1889.698536,140711.3594,3256.406465,294200.6159,21.00397083,20.85531404,52.58046833
Unspoken_Friend_s003,15.5153,18.5635,20.6333,16.7679,181506.5,330061.1562,118405,3747258,1012.995448,389.9962375,471.6351063,1787.288584,129705.6656,3146.072386,215020.5576,16.72841715,14.73441855,34.18682854
Unspoken_Friend_s004,26.0357,8.79532,21.5,8.2175,72449.93333,63239.04337,27993,456301,723.1088979,53.23455917,611.7663642,847.1165174,139845.3882,3240.266253,267511.7384,20.37852179,20.37369798,46.38060426
Unspoken_Friend_s005,29.5405,2.09348,22.4833,3.5125,59524.53333,242876.9668,27005,2604727,1340.570314,487.6310638,693.0254257,1725.221899,155242.5306,3296.529709,313523.6582,22.55878584,28.93692907,57.06923845
Unspoken_Friend_s006,23.2204,8.91898,23.2667,9.678,91582.85,157407.6192,22871,1452182,2925.819954,965.2019346,975.2590731,3625.582804,137693.3302,3228.15977,269150.1824,19.9093837,19.17681548,46.76121711
Unspoken_Friend_s007,17.6576,9.76889,17.425,9.2974,65642.41667,102719.6159,22756,904054,2606.270097,1502.574941,979.9505014,4220.079316,148913.3001,3272.931089,303211.8405,21.64431616,25.41688218,54.67378859
Unspoken_Friend_s008,21.9041,20.271,30.55,20.7741,215539.2333,143700.8458,67576,1220759,2393.01615,989.8624409,1456.130999,4214.780971,119806.4587,3051.607373,204396.2251,13.06780535,9.228903674,31.71878104
Unspoken_Friend_s009,19.6643,13.3093,27.1667,14.7556,184367.6667,278575.5326,51917,2739459,1940.246498,70.37392134,1812.295374,2094.529823,127890.5279,3143.593748,211836.3941,16.63236752,13.72491668,33.44714285
Unspoken_Friend_s010,16.2983,10.844,21.65,10.0023,90441.925,86855.41028,45030,912431,1757.542446,158.4067695,915.9001553,1834.271653,137988.0335,3216.524867,241803.2384,19.45851982,19.34071685,40.40848327
Unspoken_Friend_s011,14.7277,9.19668,12.1,7.0045,59207.68333,46468.14612,39462,557631,1061.922462,76.38735401,939.0330278,1291.759868,149130.6872,3281.96039,278480.5055,21.99421043,25.53778354,48.92866441
Unspoken_Friend_s012,15.6383,8.91383,12.0833,6.6933,55818.925,47655.3291,37005,570312,996.5769108,64.70639883,904.5597113,1120.728015,152972.5552,3295.300989,295470.8815,22.51117173,27.674466,52.87555283
Unspoken_Friend_s014,13.9288,14.5436,14.1,11.5422,76616.29167,74999.80002,54273,820051,2614.573197,227.5626885,2069.517495,2967.287898,142436.4494,3250.196557,262941.5752,20.76333078,21.81473523,45.31894885
Unspoken_Friend_s015,22.6906,16.6077,18.0667,16.9429,100217.675,119527.8478,76940,1402588,2107.866232,241.4888111,1643.505602,2423.796292,140284.3839,3242.686029,282771.5718,20.47229046,20.61784855,49.92548518
Unspoken_Friend_s016,21.3734,14.2445,15.325,14.2759,89484.26667,92023.8147,70838,1090998,2079.015258,46.42044321,2000.355125,2212.687658,144590.8193,3265.420654,287558.8618,21.35327945,23.0129035,51.03757944
Unspoken_Friend_s017,24.2724,13.9671,19.2083,14.8785,93352.99167,111538.8109,72666,1306264,2054.68978,23.08986264,1995.779853,2091.526839,142960.7543,3255.135026,285989.6048,20.9547013,22.10633112,50.67303882
Unspoken_Friend_s018,27.4293,12.0047,28.6917,12.804,127396.5,187853.6998,45235,1767054,2093.673054,41.97813796,2007.453447,2147.226401,138459.8742,3229.811084,280024.7431,19.97337374,19.60313442,49.28739298
Unspoken_Friend_s019,27.2009,8.09066,24.0417,9.2388,96033.825,206698.9058,49233,1708600,2072.389195,23.93596929,2038.278095,2108.461067,144620.2706,3266.854808,291924.0646,21.40885436,23.02928305,52.05162223
Unspoken_Friend_s020,26.7896,12.9806,28.6583,14.4536,120941.825,169224.8624,76152,1956077,2145.421938,55.27763235,2058.47557,2218.164555,138211.9731,3228.46574,286534.2782,19.92124033,19.46526245,50.79956722
Unspoken_Friend_s021,21.503,17.1422,17.5917,17.1653,106854.375,152346.9458,81839,1767534,2409.068897,206.1774679,2113.465832,2756.487966,138731.3404,3235.820913,277794.3938,20.20626052,19.7541123,48.76927968
Unspoken_Friend_s022,17.0599,20.4791,13.8417,17.1285,89622,70671.76135,62205,844619,2142.549091,343.8719359,1648.489945,2678.55331,138590.7423,3236.129667,270946.7625,20.21822501,19.67591767,47.17856521
Unspoken_Friend_s023,16.6163,15.4936,12.3417,13.0991,78858.825,81726.70149,44130,947964,1346.678711,244.8705845,1018.097455,1820.239652,142328.4879,3250.19166,275697.6833,20.76314103,21.75469163,48.28221085
Unspoken_Friend_s024,13.9089,14.5208,13.075,10.8202,83728.54167,88330.14551,39870,795234,1743.502907,241.806618,1335.137879,2255.078273,141587.153,3243.693217,247927.7892,20.51131999,21.34239295,41.8312251
Unspoken_Friend_s025,17.6439,16.8228,19.65,19.8243,140172.7417,157769.4723,38866,1677869,1583.989919,193.5119466,1275.084435,1897.842991,133310.3719,3193.593996,237750.421,18.56992612,16.73920178,39.46700803
Unspoken_Friend_s026,16.7474,7.28581,16.3333,9.4101,121796.5167,316158.7555,27911,2737742,1011.066166,224.9227893,870.7257255,1686.109549,142624.1,3256.322646,261522.3165,21.00072274,21.91909845,44.98925305
Unspoken_Friend_s027,22.4081,18.4538,21.6,17.8166,125286.8,145898.9265,96278,1714752,1257.085691,45.94875859,1158.344134,1346.804654,132959.9248,3183.216864,265033.1454,18.16780206,16.54429815,45.80482358
Unspoken_Friend_s028,25.0333,20.291,21.325,18.5094,122775.0333,131437.5727,91197,1550487,1546.472522,152.110301,1251.129234,1739.360383,133866.7759,3193.375811,276975.5053,18.56147122,17.04864987,48.57905071
Unspoken_Friend_s029,25.0556,21.212,21.1667,19.8786,123437.25,170152.3144,87474,1975272,1707.957927,65.96874527,1596.596182,1825.668347,134088.9102,3198.867995,275012.1161,18.77429874,17.17219145,48.12295262
Unspoken_Friend_s030,23.2558,18.6778,27.8833,18.6048,154448.2833,187797.8901,84836,1578518,1201.02977,183.0096836,982.005599453552  ,1595.441818,130339.4799,3178.949782,253702.3561,18.00244846,15.0869189,43.17266517
Unspoken_Friend_s031,26.6405,15.1442,42.1833,16.4174,208644.175,227602.4762,132599,2664557,1225.724878,38.78276699,1103.67870273987  ,1309.063767,127747.3055,3159.89314,255012.8011,17.26398492,13.64526252,43.4770834
Unspoken_Friend_s032,21.1696,19.6975,30.825,20.6938,174064.0667,192863.931,106088,2240511,1317.161609,117.1524219,1157.30205485768  ,1711.256731,124004.1933,3113.584193,211691.2823,15.46946786,11.56350389,33.41343317
Unspoken_Friend_s033,18.6653,19.8849,25.1417,19.4826,191910.5583,310389.6655,119805,3559026,1686.165724,172.0136145,1377.19253586409  ,2029.895532,123302.1966,3115.833546,191631.5914,15.55663247,11.17308338,28.75353854
Unspoken_Friend_s034,11.6923,17.0087,13.9083,9.7378,83425.83333,101292.4887,36428,1123733,1663.658844,818.6570372,614.957144825817  ,2918.046938,136228.8784,3216.498639,233944.2721,19.45750344,18.36235008,38.58283424
Unspoken_Friend_s035,16.5988,10.8075,16.975,9.2431,66636.23333,93109.15448,47632,1080915,869.663289,151.8965639,654.047371582975  ,1100.477809,146179.0567,3263.30312,285976.2833,21.27122294,23.89621309,50.66994422
Unspoken_Friend_s036,16.9863,10.7466,16.5,9.1173,65623.49167,72096.34575,49467,850739,927.5737317,117.5048985,759.381350750124  ,1102.31738,146450.3195,3263.578168,286972.8434,21.28188133,24.04707786,50.90144654
Unspoken_Friend_s037,20.0439,12.1226,22.7333,9.8105,86559.75,147980.3736,51853,1341358,1350.616151,457.6903696,734.178966968870  ,1738.440796,140754.9543,3240.227848,276883.7473,20.37703356,20.87955965,48.55773521
Unspoken_Friend_s038,19.8445,9.08064,19.2417,8.4217,82649.33333,135955.8902,0,1439323,1898.408643,91.40240199,1741.25090773978  ,2046.329728,141426.663,3242.735394,270422.8974,20.47420341,21.25313529,47.05687061
Unspoken_Friend_s039,24.8792,8.58349,26.4083,8.4125,116304.7667,138541.834,0,1464492,1075.023224,363.0815661,890.944788834326  ,1824.171896,130552.0116,3174.006678,239930.8261,17.81089834,15.20511992,39.97351923
Unspoken_Friend_s040,27.6417,10.0107,30.85,9.6294,140770.9,173453.5862,104780,1793078,894.6745946,25.3065589,882.034490681525  ,972.1025195,125246.512,3121.038712,223423.1727,15.75833775,12.25442829,36.13876795
Unspoken_Friend_s041,20.7216,9.97548,22.7083,7.9688,119549.5333,101957.7796,98435,1230248,952.0933163,10.7368117,929.414459095236  ,970.278154,130602.0088,3149.026537,232595.2815,16.84289342,15.23292625,38.26946182
Unspoken_Friend_s042,20.8812,10.1677,23.0417,8.0255,124210.775,101482.4517,105223,1230193,928.8410679,9.669359994,911.495831305135  ,948.86064,130003.3346,3142.864882,231545.3039,16.60412323,14.89996927,38.02555052
Unspoken_Friend_s043,21.0063,10.2661,23.3583,7.9843,126756.5417,93549.78148,109663,1146472,909.4896312,6.934708612,894.494047239048  ,923.4178698,129907.824,3141.867266,231930.9129,16.56546463,14.84685038,38.11512805
Unspoken_Friend_s044,24.7532,13.0482,27.2083,14.7701,310980.2833,143428.6748,116723,1445683,1047.766915,33.12418183,904.127504059987  ,1116.760704,124753.5302,3130.170477,200097.4411,16.11220261,11.98025292,30.72016743
Unspoken_Friend_s045,28.8504,3.04809,16.3917,5.5041,64096.86667,155528.4344,0,1375904,434.2990087,511.2552453,0.616035145540613 ,1367.565015,148539.894,3318.70082,293354.6681,23.41793811,25.20920965,52.38395345
