video,si,ti,e,h,mvResMean,mvResStf,mvResMin,mvResMax,pixVarMean,pixVarStd,pixVarMin,pixVarMax,kpsnr,kssim,kvmaf
AncientThought_s000,4.93421,13.2903,4.8583,3.4905,24366.275,3875.307581,14793,31310,4149.19,2203.16,2.36,7406.92,154806.4163,3294.423706,287361.9898
AncientThought_s001,5.01841,4.51282,4.4917,2.013,19699.375,4857.102828,16939,70427,1393.61,625.85,530.60,2788.16,160002.6793,3305.175582,280709.6038
AncientThought_s002,18.0281,3.19386,11.6,2.7683,22704.3,6062.738344,14023,60001,1853.81,728.53,579.77,2817.55,157026.0002,3307.017778,301823.9476
AncientThought_s003,45.1816,2.32865,25.625,3.3057,137779.7917,264122.2617,30259,2256621,2986.35,380.98,2436.16,3572.35,143466.7404,3298.674702,292440.2353
AncientThought_s004,21.4646,1.51187,12.9667,3.0876,38455.475,222013.6038,954,2456204,1339.69,1430.8,1.97,3688.4,161930.1597,3323.215414,304688.1693
AncientThought_s005,8.89555,3.8997,4.6083,3.8818,12238.48333,4674.409303,7460,60907,460.02,187.8,84.95,724.17,173476.4006,3331.79193,319814.8378
AncientThought_s006,11.0208,4.04023,6,3.9819,16201.6,25532.49316,13134,294696,780.49,20.57,725.03,797.98,171532.9537,3329.735138,321081.1772
AncientThought_s007,10.0273,2.47309,5.7833,3.1267,15284.93333,22361.75238,11724,259117,735.51,32.05,686.84,787.64,171857.7538,3329.906822,319606.0536
AncientThought_s008,8.29509,3.2707,6.175,3.1214,20960.04167,22699.40983,11496,217253,494.07,148.39,333.88,695.22,166904.5455,3321.968114,315930.0617
AncientThought_s009,8.44365,3.11873,9.425,4.0734,51934.66667,29372.08639,17168,247174,2319.98,1275.99,409.90,3335.35,148622.443,3243.693217,297740.1132
AncientThought_s010,9.1112,6.37751,6.875,5.8669,31969.225,30829.38055,15255,253028,1438.21,970.74,221.66,3505.03,156999.0419,3297.041113,303371.2358
AncientThought_s011,5.45364,4.47137,4.7583,5.031,17114.81667,7679.51934,11769,79966,212.7,27.22,162.33,313.67,166042.8357,3321.186568,304862.3535
AncientThought_s012,10.8343,2.60771,6.65,4.0445,22748.93333,39219.70875,14262,446910,706.23,400.92,221.36,1047.06,166821.4167,3323.368554,311440.3035
AncientThought_s013,11.6624,7.21843,6.9833,4.4232,27713.06667,45101.2066,15856,474673,1307.36,212.21,1025.77,1600.93,162901.5493,3319.466505,316146.8068
AncientThought_s014,8.29821,9.03457,5.9917,5.3393,22162.43333,23819.64515,14294,274066,1203.78,158.77,694.35,1409.61,165621.8991,3321.904605,315431.362
AncientThought_s015,7.94334,9.39928,6.2417,6.1864,22846.85,19513.14077,17599,189363,1449.07,316.07,1046.00,2343.63,165230.5877,3320.611821,312653.8403
AncientThought_s016,11.3496,5.95885,7.0917,5.2558,25580.86667,32479.64514,17765,291637,1498.05,805.79,898.73,2794.55,165106.4781,3321.837488,312814.415
AncientThought_s017,10.1888,6.88552,7.0333,5.092,27747.45,26003.78964,19920,285606,1322.81,531.56,974.03,2642.66,163664.4807,3319.197538,309147.7671
AncientThought_s018,8.13862,8.27256,8.025,4.8051,32675.325,8321.361211,25227,114382,1376.06,763.23,276.52,2614.65,156735.8119,3302.074478,291152.9121
AncientThought_s019,8.0651,2.55798,6.2167,4.4213,24828.875,26797.60188,11733,239815,614.24,363.14,233.54,969.5,164749.9471,3319.874459,307393.4005
AncientThought_s020,10.4865,2.88577,8.6667,4.1738,29035.825,17083.79388,24024,213863,239.8,2.71,235.42,246.43,159888.0458,3309.99549,297772.1818
AncientThought_s021,9.62826,6.01448,7.3417,4.275,34099.375,35531.91866,20903,355525,2383.24,1691.07,236.51,4705.04,156525.1998,3298.51271,298390.9154
AncientThought_s022,4.27445,2.98993,6.325,2.7527,29476.2,6740.785155,21407,84617,2305,1867.13,160.78,4274.37,154629.4125,3286.738788,276383.6263
AncientThought_s023,5.61096,3.46706,6.5,4.5387,28510.275,11574.58918,17491,134004,211.54,167.3,58.96,1139.18,160799.5745,3308.503141,304314.3891
AncientThought_s024,7.2722,6.84138,5.2,4.7389,23526.84167,17198.77877,13616,141538,1127.61,193.4,753.13,1670.89,164765.9884,3321.061448,309318.3049
AncientThought_s025,5.73479,8.69526,5.5833,5.479,32723.5,14413.53619,16480,165207,1036.66,79.24,817.94,1238.62,160858.9855,3313.831902,299088.4183
AncientThought_s026,5.62362,5.72347,6.0167,3.5542,24994.625,9595.394646,17565,91001,1038.42,211.29,782.62,1791.88,162623.9046,3316.10926,305856.5578
AncientThought_s027,6.11623,1.35748,3.1667,3.5873,10702.13333,12418.74921,4777,104862,360.64,355.62,132.09,1063.19,175244.2551,3333.226036,320170.6131
AncientThought_s028,5.02611,3.80015,2.8333,4.6207,11839.94167,5880.161495,6111,65876,61.32,47.43,32.90,342.24,174828.1257,3332.942295,315365.5204
Busy_City_s000,18.3076,16.9664,9.3417,12.2843,79504.175,36133.13742,0,152648,1580.67,629.2,0.00,2155.29,150364.9196,3293.117195,271327.8351
Busy_City_s001,25.7398,11.7662,18.7083,10.0884,94859.35,98851.22686,45381,1136428,1689.32,204.93,1265.91,2044.61,139630.6365,3247.597536,242255.4263
Busy_City_s002,32.4491,6.54991,27.05,5.2378,74052.11667,219268.6851,30377,2451414,1599.98,59.77,1319.26,1704.23,144037.9234,3269.058668,275964.4442
Busy_City_s003,21.3778,1.73425,11.6083,2.0847,25357.18333,128403.4701,6131,1417295,1714.04,184.82,1226.60,1809.3,164460.5272,3323.198809,305126.5404
Busy_City_s004,20.7021,2.54971,10.9417,2.5681,24358.95833,92340.12127,9748,1026720,1783.77,14.41,1754.57,1811.55,161474.5931,3319.32509,294146.8289
Busy_City_s005,19.2588,4.84364,11.7667,4.4154,37777.00833,102223.4361,8281,1142110,1210.78,323.36,917.49,1790.21,155405.955,3304.213285,277973.1476
Busy_City_s006,18.3489,6.45377,11.3667,4.9125,40770.00833,74858.5448,20167,845857,1061.63,10,1034.37,1084.33,157482.6999,3309.530986,282929.3961
Busy_City_s007,18.2893,18.2658,6.6833,5.5916,32044.65833,70316.49135,3438,767493,1639.35,861.75,712.31,3381.91,166970.7753,3327.84659,312425.4466
Busy_City_s008,18.2696,11.8711,10.2917,6.8422,42237.63333,71716.58853,6350,793593,1163.49,796.24,744.95,3379.99,156428.2595,3305.799708,283533.6122
Busy_City_s009,16.2014,5.29122,7.875,4.6502,35377.30833,64854.57933,22408,738627,921.52,108.74,680.02,1044.68,160402.0295,3318.140722,289704.5658
Busy_City_s010,18.6256,5.1314,8.1083,3.9833,34715.96667,51129.7653,20388,581014,1049.75,31.5,969.46,1100.47,165885.8054,3328.114602,303738.561
Busy_City_s011,18.2645,5.60412,7.825,4.4393,35525.35833,63477.66301,15200,717302,1020.9,28.47,963.87,1072.74,166280.4161,3328.321655,304480.056
Busy_City_s012,25.8375,5.67655,17.825,4.778,35208.89167,53886.76313,9070,611218,1380.06,370.66,813.21,1781.13,153906.4533,3301.529596,288362.5477
Busy_City_s013,31.6243,5.6595,23.7833,5.8361,59940.44167,186488.7788,23345,2080519,1753.15,38.2,1724.16,1891.28,154414.586,3304.424905,301186.5765
Busy_City_s014,25.504,15.6519,15.5667,15.6548,98051.98333,177001.6718,53725,1997085,1389.5,758.25,811.15,3313.64,142264.6123,3273.447544,262041.1595
Busy_City_s015,21.8409,16.7378,11.4667,13.7387,81525.43333,98271.41013,45991,1105083,1190.36,710.98,621.97,3179.92,144661.2007,3282.45095,263860.8002
Busy_City_s016,21.4792,8.56842,12.4167,8.5454,53378.84167,63264.53027,27291,728140,941.02,429.28,562.27,1697.07,145134.735,3278.243348,260747.257
Busy_City_s017,20.6739,7.93124,6.1667,3.8397,23116.95833,73398.14688,8142,817443,2126.11,171.08,1455.82,2383.36,168526.3016,3329.380064,311777.059
Busy_City_s018,28.7125,7.9396,18.8083,6.661,53579.31667,88145.89863,9360,971062,2164.3,249.74,1613.41,2703.75,147554.2069,3287.461734,279546.7636
Busy_City_s019,41.5544,6.10839,34.8917,6.3828,87564.65,311034.3994,32319,3459132,2231.6,30.42,2182.07,2279.47,143854.559,3279.082044,291587.8324
Busy_City_s020,34.338,11.567,24.6083,13.6677,130943.625,314657.5954,61170,3537449,1970.23,388.18,1454.04,2576.51,138515.6515,3254.818168,269113.9918
Busy_City_s021,32.7794,6.8029,24.9083,8.7228,91115,134998.5349,18776,1383480,1907.85,319.38,1455.84,2398.65,141190.6177,3260.952614,266925.0084
Busy_City_s022,29.2655,3.13662,20.8333,2.5819,39912.95833,160908.1001,16954,1787116,2118.34,3.97,2107.02,2122.76,158464.8817,3313.327662,302127.0706
Busy_City_s023,28.2769,2.98301,18.6583,2.9089,34264.31667,167808.5573,7707,1853781,1606.79,191.41,1302.74,2126.09,156330.3818,3304.787426,298408.6438
Busy_City_s024,29.9242,3.91873,18.9333,2.3901,31195.81667,167110.818,9005,1846152,1595.44,15.6,1559.02,1622.11,165248.9338,3323.322909,315381.7896
Childs_Play_s000,32.5739,4.30521,43.7917,7.5541,94167.025,120055.2082,0,756866,1405.51,559.76,0.00,1775.55,142087.8381,3265.995387,273849.5778
Childs_Play_s001,28.8975,3.98623,26.3417,6.1078,96126.00833,346646.7246,9943,3717834,1741.77,117.17,1495.42,1841.49,148618.5044,3286.324667,276977.7332
Childs_Play_s002,26.2859,3.9738,17.2083,4.1771,41826.10833,130345.607,7344,1451727,1746.85,103.33,1533.20,1836.41,156143.3309,3306.974179,289159.1039
Childs_Play_s003,27.7973,10.4848,22.4167,11.0221,82373.8,163078.7031,40563,1856471,1638.16,85.31,1379.69,1712.74,149546.4629,3291.321056,290213.91
Childs_Play_s004,19.9492,1.10352,11.0417,1.3305,16778.88333,75489.02397,2995,830146,1663.77,62.83,1392.23,1684.14,168932.6047,3327.602214,305130.3269
Childs_Play_s005,19.8971,3.47611,10.975,2.1768,25402.68333,74400.88735,7480,831866,1678.13,34.31,1574.07,1719.36,166928.3305,3324.989761,302145.0933
Childs_Play_s006,21.2154,2.02888,16.1583,3.1966,26494.09167,71504.88956,13690,805680,1889.92,37.99,1690.26,1941.52,154716.9381,3292.323621,285206.7253
Childs_Play_s007,22.5966,2.1048,16.6583,3.0321,33058.04167,104415.3164,10993,1169190,1803.41,114.8,1572.23,1916.86,154867.7587,3294.312382,283915.8485
Childs_Play_s008,25.2435,1.82007,16.175,1.9556,37018.51667,125927.8305,14756,1410150,1712.87,5.72,1703.90,1731.97,164313.3449,3319.929952,306167.6297
Childs_Play_s009,23.2676,5.35562,14.0333,4.2021,48079.65,126329.3903,17950,1420018,1653.35,94.84,1415.41,1718.32,157570.9957,3305.915741,287687.7658
Childs_Play_s010,20.0896,11.3776,9.1583,7.69,59635.775,79719.34394,36548,924152,1663.93,17.64,1637.32,1713.72,156690.0378,3308.887509,278050.414
Childs_Play_s011,20.5581,8.94209,9.9167,6.5313,41804.44167,81949.99042,17127,924984,1666.58,16.61,1639.77,1714.52,159353.2801,3314.261948,286388.8431
Childs_Play_s012,20.6477,1.65305,9.9583,1.8795,21433.45833,94506.10773,4283,1048829,2423.89,581.34,1551.52,2903.99,169820.5343,3329.308085,299188.6707
Childs_Play_s013,21.6254,3.38059,12.3667,2.9565,37602.15,91092.66596,5274,989438,2407.22,562.5,1527.73,2905.2,160003.7103,3310.953067,280106.8064
Childs_Play_s014,24.7925,9.00207,17.9667,5.671,67264.93333,121509.5188,36265,1388030,1817.77,13.54,1795.18,1865.11,151547.4601,3283.542353,269452.1273
Childs_Play_s015,25.0003,6.02037,18.2167,3.6344,49920.758,118356.236,14524,1330726,1796.19,11.97,1782.67,1832.78,155352.0999,3298.110193,282850.3969
Childs_Play_s016,27.9229,4.55198,18.1167,3.4503,41856.95,123447.023,18748,1386230,2448.07,472.02,1788.03,2863.83,150594.4571,3283.975386,273219.0564
Childs_Play_s017,30.2154,1.33038,18.0667,1.4266,42680.791,168846.21,20122,1884211,2830.48,1.26,2827.67,2832.43,155941.441,3305.879045,290633.0152
Childs_Play_s018,30.1994,1.01936,18,1.2981,38898.925,167517.128,18651,1866074,2826.48,0.94,2824.05,2828.26,156495.5121,3307.487987,291179.8568
Eldorado_s001,27.6226,6.35168,22.45,7.7836,129388.7333,387027.8529,40367,4253614,3239.15,481.81,2824.14,3968.12,143605.9603,3275.443464,279222.7628
Eldorado_s002,34.8026,3.28015,31.0583,6.1072,155278.8417,407705.9447,56798,4526311,2632.2,1400.63,901.80,3951.66,141613.3036,3260.371896,284301.0063
Eldorado_s003,38.8134,17.7793,49.4417,25.3103,375429.3583,555998.8103,56499,5973003,1508.8,122.1,1277.94,1819.4,124144.3089,3187.186398,277712.3259
Eldorado_s004,58.5047,22.0686,85.2083,27.5187,650666.2417,659483.8492,316057,7723648,2085.31,118.68,1833.85,2215.57,113939.2753,3052.395315,267015.2606
Eldorado_s005,55.4637,3.40129,100.375,9.2266,412619.5417,1108819.613,196178,9617071,1616.66,171.81,1525.08,2216.03,119704.8681,3113.654432,265593.003
Eldorado_s006,48.0681,4.40633,83.4417,10.4996,308996.4083,907947.5468,74664,10172647,1975.81,364.43,1779.16,2667.35,126155.5141,3179.498243,277326.2823
Eldorado_s007,10.2709,6.93098,14.425,6.3716,81221.775,36784.27163,74078,481142,2728.84,151.29,2613.19,3106.2,142339.8501,3240.901573,246588.0076
Eldorado_s008,11.3488,9.33052,15.2833,7.5488,100119.3417,40932.88318,82144,528914,2807.19,282.44,2089.96,3092.86,138443.3011,3217.076365,235321.6311
Eldorado_s009,10.3548,13.0604,14.35,8.6934,100919.6917,23265.70729,73648,317309,2976.6,288.93,2454.00,3394.8,135858.4,3208.529573,226883.3115
Eldorado_s010,34.4035,15.9688,47.5583,22.5972,329307.4917,180942.3866,0,613799,2068.87,282.98,1405.02,2613.76,114277.3037,2945.124758,179576.3705
Eldorado_s011,39.8074,19.0843,60.8917,28.4841,903527.15,543059.7576,0,4182745,2284.97,340.28,1789.18,2919.91,104115.308,2714.382212,139939.0748
Eldorado_s012,48.4083,11.121,60.575,18.9295,1073360.25,831886.8027,0,5094999,3257.43,255.02,2935.48,3711.5,103212.4018,2814.520748,131290.8123
Eldorado_s013,37.4185,14.1733,37.4667,23.6811,563273.8167,484849.4434,70616,3627420,3025.74,644.34,1521.25,3627.67,111125.0281,3027.075086,163335.1006
Eldorado_s014,21.8987,16.3152,28.9083,33.0319,553983.9583,325834.5725,345764,3494130,2052.64,1065.64,1218.69,3622.74,111689.7176,2953.132799,112994.2217
Eldorado_s015,18.1429,14.0394,23.95,34.2602,471032.0583,36744.85727,403333,771195,1517.2,123.92,1397.02,1890.71,116530.7943,2978.05585,101689.4781
Eldorado_s016,21.5666,13.834,27.225,34.3115,476725.0667,316263.6037,375472,3894504,1878.28,904.12,1257.60,3883.56,115517.2181,2978.495694,101082.3791
Eldorado_s017,43.1053,7.30249,48.725,14.9092,493733.1083,366685.1746,425696,4489167,3857.47,59.81,3746.10,3935.7,118385.3071,3071.14142,205072.0906
Eldorado_s018,30.9621,9.57236,35.9583,14.5351,331748.8083,402962.7836,127839,4367134,3280.71,702.14,2331.23,3959.71,125605.8364,3123.917066,219626.0412
Eldorado_s019,27.8145,12.469,27.8083,13.2198,169085.5583,83056.68375,123545,1005671,3266.42,71.35,2997.63,3360.45,140812.3263,3225.382553,299528.197
Eldorado_s020,17.5612,2.87196,18.1583,5.4785,100243.4917,268328.7268,0,2883027,1626.02,901.75,1054.96,3372.35,146160.0985,3262.892265,276377.5747
Eldorado_s021,27.1819,2.14625,31.0417,4.2268,89694.375,152669.1438,0,1648155,1342.28,97.39,1262.73,1628.15,146930.2377,3276.325642,297220.4643
Eldorado_s022,24.1177,1.73868,28.4417,3.4597,80541.45833,125017.3566,55054,1440194,1711.87,34.22,1637.24,1760.77,149388.4915,3282.194138,302400.2585
Eldorado_s023,19.9672,10.2563,28.275,16.2259,149692.4333,225302.2419,52946,2259313,1320.35,228.26,971.74,1653.18,133824.8539,3167.222892,257001.6529
Eldorado_s024,28.3589,20.4182,37.5,35.0469,276446.825,86595.2868,181687,1026981,1341.4,188.75,944.98,1786.84,119813.6774,2990.170084,217415.1552
Eldorado_s025,32.1871,19.3036,44.9583,33.5665,528328.575,311608.1966,256642,2791710,1308.85,113.76,1116.05,1497.49,108122.6216,2778.314607,134967.9657
Eldorado_s026,24.2655,16.1879,40.4417,24.1716,341665.4583,275714.7992,216252,2413683,925.04,49.9,840.75,1167.56,112408.3766,2829.03408,145804.6006
Eldorado_s027,21.5939,15.1735,34.725,22.2576,261271.425,133116.3945,185282,1636075,901.99,43.75,835.63,970.17,118379.2687,2948.265015,171760.4532
Eldorado_s028,24.3922,15.1568,37.0833,20.432,297093.6167,136467.7367,244988,1766567,756.24,31.51,700.17,842.17,116754.0416,2925.749697,166421.9708
Eldorado_s029,41.7106,21.2881,52.55,31.1111,484039.05,533548.4791,200609,5814146,936.41,100.67,734.16,1115.01,116704.6044,3051.927339,216674.8548
Eldorado_s030,56.5509,13.1776,73.9917,19.1079,517986.225,796360.7592,158334,7174360,1416.61,369.2,867.04,1707.12,116107.714,3084.548684,234909.257
Eldorado_s031,52.9428,12.1122,73.175,16.0255,407597.8583,532254.4458,347475,6212204,1771.58,37.06,1709.00,1833.49,119542.9963,3108.610614,248422.9294
Eldorado_s032,54.6961,9.80965,76.025,14.0631,469655.7333,543758.4825,363088,6394675,1871.54,18.95,1835.12,1900.98,119561.1995,3115.984656,246766.3484
Eldorado_s033,44.7519,4.38051,62.3583,10.2629,375695.775,600864.2795,17069,6644263,1366.2,714.95,20.83,1923.08,125023.8304,3170.999276,249665.7992
Eldorado_s034,70.5166,0.334728,33.375,2.0236,3781.375,7640.443473,0,63639,943.93,464.76,0.00,1224.14,201131.9515,3347.235857,325033.8675
Fun_on_the_river_s000,26.868,4.89632,23.2583,6.7718,111995.1,34385.06022,0,170572,1543.36,617.86,0.00,1889.68,174759.3634,4071.45618,311336.2467
Fun_on_the_river_s002,19.4174,9.83799,18.4,25.1461,233115.8667,100331.4033,151026,1288761,1078.15,209.83,930.31,2009.65,125234.2152,3137.393628,123970.4072
Fun_on_the_river_s003,19.7092,10.1263,18.7417,26.1277,237672.2917,70074.21226,196411,974854,1070.7,64.8,937.93,1196.43,125593.6328,3145.191607,133123.8854
Fun_on_the_river_s004,26.2356,10.2037,26.675,24.0976,465754.725,151376.6771,177716,932753,1383.47,274.41,843.30,1621.38,117753.1211,3072.591127,105904.0166
Fun_on_the_river_s005,30.0923,12.6473,31.6417,30.7935,606665.2,116903.835,529590,1834633,1771.16,104.98,1569.93,1942.16,113152.3055,3016.124773,92628.08966
Fun_on_the_river_s006,28.1464,15.8009,31.0167,41.3912,595067.475,152351.8065,457350,2149450,1915.58,127.64,1617.98,2040.04,111905.3902,2990.851123,83777.444
Fun_on_the_river_s007,23.7185,12.0242,25.6333,28.8211,364393.8917,137824.0871,230848,1615121,1420.84,133.29,1114.88,1631.46,118297.9492,3058.592474,112312.4809
Fun_on_the_river_s008,24.0546,10.7831,26.4667,28.1296,360045.8583,97387.47865,320519,1400235,1495.88,25.1,1458.08,1549.19,119312.3615,3066.107359,120700.0608
Fun_on_the_river_s010,22.2452,15.6573,20.0167,61.7187,509554.4667,82365.72712,408196,913105,1052.42,204.17,809.22,1427.27,116645.7133,3083.131972,67854.73788
Fun_on_the_river_s011,23.1969,12.8471,24.2667,40.5659,461259.1333,183617.7095,202107,1443879,1423.09,106.29,1168.24,1560.55,115243.2636,3036.67285,75529.96968
Fun_on_the_river_s012,24.4633,9.2532,26.4167,18.6038,289751.1667,105019.3615,262215,1428581,1560.29,17.71,1525.08,1598.23,121900.9089,3102.130751,139355.8423
Fun_on_the_river_s013,23.2301,9.63219,25.575,21.8255,289751.1667,105019.3615,262215,1428581,1524.15,107.57,1268.15,1601.97,121266.6621,3092.456356,127018.924
Fun_on_the_river_s014,21.9975,16.208,21.2667,44.9584,407171.2667,68714.45636,342402,981251,1828.14,93.84,1583.06,2016.33,116434.2188,3063.71254,102577.7169
Fun_on_the_river_s015,21.5881,13.3347,20.9583,36.0785,348728.8833,121854.4581,215611,1125832,1587.85,132.88,1345.83,1829.02,118968.9989,3074.503725,94117.43436
Fun_on_the_river_s017,32.9284,19.1114,29.7583,46.7079,819942.3583,191299.921,512756,2413420,1576.57,378.83,1076.80,2443.71,110629.7445,3037.324396,94375.466
Fun_on_the_river_s019,18.8467,13.461,17.65,36.0807,308987.9833,87908.16913,208562,870691,1137.85,131.17,894.47,1331.1,121393.2948,3113.651065,101343.0191
Fun_on_the_river_s020,20.2097,14.0991,20.0167,41.8311,392686.5917,111776.6017,259793,1077467,1178.65,105.87,1022.39,1380.61,117799.4639,3073.230652,78169.7407
Fun_on_the_river_s021,20.3707,7.69046,18.3583,17.9185,172891.5083,89751.76121,117724,773547,1227.8,114.94,902.14,1349.4,129534.6687,3171.641612,156100.1627
Fun_on_the_river_s022,22.4915,6.05748,20.175,10.7158,131872.35,97493.59419,113867,1193910,1275.65,14.74,1250.11,1313.7,134845.8404,3210.050294,208344.7951
Fun_on_the_river_s023,20.9304,9.22936,20.4667,21.7768,241174.6833,136427.8104,114944,1213287,1303.47,165.37,990.57,1532.63,123895.1703,3123.900547,139036.4933
Fun_on_the_river_s024,21.2982,12.8753,22.775,33.5633,375335.6417,73779.66398,333493,1152539,1460.17,29.9,1394.44,1509.36,116375.0905,3041.178293,98596.21524
Fun_on_the_river_s025,21.1763,11.2385,22.85,30.8213,344080.35,83299.7851,209194,1036888,1380.52,95.74,1144.51,1484.3,118590.5625,3064.791567,100325.7367
Fun_on_the_river_s026,23.8938,11.3518,26.5333,30.405,381561,98227.03263,333775,1434593,1438.38,25.82,1380.89,1510.03,118549.5468,3058.916468,113408.2161
Fun_on_the_river_s027,23.7523,10.821,26.4833,28.6854,377434.1333,93340.51522,330310,1370383,1427.63,24.31,1376.61,1474.3,118821.6553,3058.614443,111107.8408
Fun_on_the_river_s028,22.9464,10.3434,25.3667,26.9326,346285.525,99204.02465,141746,1312052,1366.59,196.33,462.46,1451.87,120401.0193,3077.995685,116300.9233
Indoor_Soccer_000,17.5414,11.1183,19.2917,11.0682,177114.125,198003.1842,0,1366250,1377.31,923.49,0.00,2474.7,134841.1506,3184.694859,274329.1015
Indoor_Soccer_001,49.1536,5.13202,36.8417,7.5414,178617.2667,188201.2551,133592,1605092,2842.54,946.19,1006.99,3541.12,134786.6046,3182.17478,288318.1626
Indoor_Soccer_002,21.2497,16.8018,27.0417,15.4827,324080.5,549187.2379,141371,6155892,1762.52,609.18,1164.23,3549.47,125347.9395,3037.643356,225390.2511
Indoor_Soccer_004,18.1026,18.0831,20.925,14.3326,190114.6833,175689.536,99534,1728109,1826.37,733.46,1057.65,3061.92,134594.1895,3187.049598,259512.5328
Indoor_Soccer_005,17.9638,20.7757,16.225,19.3247,121200.6583,83826.59156,84139,814558,2724.88,509.54,1401.80,3136.57,138460.6565,3224.631544,273050.4645
Indoor_Soccer_006,17.1156,15.5273,16.425,12.9105,133136.7667,129586.6042,81871,1354860,1569.18,110.96,1419.38,1741.9,139070.965,3227.743954,268995.7882
Indoor_Soccer_007,18.6945,21.8464,20.1167,20.9505,236040.4,166385.88,114130,1378434,1402.21,440.78,755.19,2142.66,127423.0495,3131.716021,216796.448
Indoor_Soccer_008,13.62,22.8311,17.9333,18.7166,236555.6,207837.7361,57411,1455945,1635.46,523.75,1010.77,2349.94,128453.2037,3137.903368,233532.7337
Indoor_Soccer_009,16.3214,17.4316,16.175,13.1248,156520.9,98227.91793,39656,1017112,2479.7,718.71,1256.95,3260.68,137777.9843,3216.019163,264003.6177
Indoor_Soccer_010,27.8962,8.52796,38.8,10.1145,324863.9167,254236.3138,134323,2342141,1567.24,491.06,1022.63,3248.3,125273.2558,3042.770238,246415.846
Indoor_Soccer_011,29.0615,9.42659,36.125,8.7109,220347.9583,234002.9132,62364,2726331,1700.5,455.98,316.50,1992.37,131795.4071,3148.977211,276058.5757
Indoor_Soccer_012,8.10923,6.68824,7.0167,12.8297,148466.775,445976.5459,0,3282989,410.98,695.04,0.62,2973.54,154657.1734,3300.355309,313012.6453
Indoor_Soccer_013,19.87,20.5859,21.9583,24.8401,283395.4167,182551.2338,0,1368714,1055.9,620.73,0.62,1595.63,128281.4145,3101.024994,259715.774
Indoor_Soccer_015,21.5284,20.1634,30.7667,22.0998,401857.2417,209928.9685,209164,1711440,1236.04,782.81,394.60,2478.29,119049.9315,2914.160794,195925.3035
Indoor_Soccer_016,20.9498,13.5311,28.4833,13.9085,291833.8167,195630.1912,189186,1803037,2282.97,517.36,1299.87,2717.5,125927.9053,3039.605439,245657.6996
Indoor_Soccer_017,24.9057,10.445,36.5417,13.9128,428691.7833,173047.9815,278446,1793445,1687.65,515.72,541.11,2068.93,119439.3262,2887.836887,220384.932
Indoor_Soccer_019,23.307,16.4941,28.9833,17.2889,337362.7833,175175.1824,311,2012367,1776.33,608.7,571.25,2364.08,122674.2437,2981.330352,230370.7781
Indoor_Soccer_020,21.6662,10.7566,30.9583,12.5278,337110.5083,81270.8007,273230,1153527,1182.54,37.69,1120.60,1269.34,122705.2214,2941.588278,223555.0418
Indoor_Soccer_021,26.7161,7.33879,35.2167,10.6202,360775.75,213321.6862,281577,2099653,1464.76,324.57,1167.31,1876.7,124162.753,2992.48066,244532.3695
Indoor_Soccer_022,16.437,5.65326,25.2417,8.3008,290488.5417,171853.7136,253609,2146268,2212.99,264.73,1748.43,2418.67,126805.4147,3002.697829,230876.3476
Indoor_Soccer_023,12.8999,23.0508,17.85,17.8354,219806.1083,125091.9854,104122,972088,1667.86,768.59,549.14,2820.79,125660.5696,3080.219245,216719.5152
Indoor_Soccer_024,13.1386,18.7016,16.25,13.6512,159298.3417,92291.39507,87571,1083830,1170.89,406.32,578.34,1728.57,132358.4955,3140.004291,243509.8816
Indoor_Soccer_025,21.2422,17.2531,28.75,16.0398,345138.2833,236338.2345,158064,2463297,1648.01,1006.08,579.52,2768,121016.0172,2976.366832,213109.8549
Indoor_Soccer_026,30.8683,11.0768,40.1833,13.5968,476266.8333,216759.8341,419527,2831334,2556.97,70.3,2375.29,2643.94,119237.8532,2909.900485,238466.7509
Indoor_Soccer_027,31.931,9.3777,41.4,12.3504,476804.9417,211350.5587,424065,2779628,2269.86,62.55,2198.58,2385.36,119691.9286,2915.199477,241071.1671
Indoor_Soccer_028,32.6444,12.9016,42.2667,16.6063,532371.5583,239782.6726,451457,3112837,2338.49,157.21,2201.01,2703.42,118259.6998,2889.120183,238382.0848
Indoor_Soccer_029,31.5271,8.69525,40.2583,11.8173,468112.675,216404.5514,404797,2819708,2851.88,86.54,2705.81,2966.29,120532.9702,2939.35439,244451.8339
Indoor_Soccer_030,32.7436,7.86912,42,10.906,480449.6917,235327.2056,441463,3044963,2938.76,51.75,2847.14,3000.38,120613.2306,2942.319116,245916.1351
Indoor_Soccer_031,22.0755,18.6506,30.7083,24.2438,423860.75,293037.2406,180943,2979719,1441.95,744.66,541.07,2845.51,119938.5962,2935.285952,215223.2031
Indoor_Soccer_032,18.941,20.5597,25.5,24.7908,307471.3917,130954.4156,194928,1579532,1255.47,322.86,698.84,1662.82,125496.7412,3028.895938,234868.6709
Indoor_Soccer_033,15.9553,24.2005,26.4583,24.3004,351895.6333,79429.20428,254871,917944,929.97,228.61,492.58,1274.91,118937.5582,2919.807628,182625.9206
Indoor_Soccer_034,13.3187,16.7291,16.1167,15.366,145233.5833,143102.5603,90361,1349081,1293.26,465.44,564.63,1834.2,133947.9629,3176.536539,246797.0208
Indoor_Soccer_036,23.5331,16.3622,31.6583,18.335,401496.6667,134372.9801,367834,1863126,1481.51,128.93,1321.79,1723,119688.238,2885.613436,225162.189
Indoor_Soccer_037,25.5161,15.1076,34.4417,17.1943,415629.5083,128832.0596,375814,1797670,2006.2,210.64,1709.09,2246.1,120134.1813,2896.198976,238914.1281
Indoor_Soccer_038,29.5608,11.2033,37.1083,13.9829,428016.4167,216469.354,373360,2777418,1953.48,136.99,1782.94,2210.25,121125.5808,2925.887718,249290.7621
Indoor_Soccer_039,31.5662,10.9424,40.1583,15.7431,483236.6583,236723.3313,378330,2805432,1731.26,129.1,1359.63,1859.84,119856.5471,2901.698572,245943.4444
Indoor_Soccer_040,30.5107,8.35484,39.45,11.2472,422126.925,211067.6392,380086,2713021,1568.04,9.69,1534.33,1579.09,122228.085,2960.5151,256499.1112
Indoor_Soccer_041,23.0839,16.055,35.05,18.2827,471956.1917,214647.9343,391976,2708734,1368.75,305.98,793.58,1655.09,117159.1394,2828.5546,198476.83
Indoor_Soccer_042,13.8262,19.491,22.05,16.1792,260674.2,154347.0878,169879,1498926,1470.63,473.99,292.83,2022.93,126401.7096,3040.138358,218361.1608
Indoor_Soccer_043,10.7099,7.971,18.375,7.6527,169666.4333,28112.89296,153267,456254,344.92,29.6,289.92,403.64,134991.2524,3120.898299,239935.0216
Indoor_Soccer_044,19.5511,2.76692,15.2083,5.2387,53775.20833,66819.1495,0,458484,240.88,315.65,0.62,1462.73,146147.3996,3279.220525,278163.1317
Indoor_Soccer_046,95.9039,0.439105,57.3833,3.4157,129383.4167,1338502.352,0,14730169,1514.34,378.02,680.24,1735.9,193126.1218,3346.787737,325062.1249
Indoor_Soccer_048,44.3175,0.341195,20.0667,1.7592,75821.325,813017.0626,0,8944787,449.35,420.32,0.62,1080.83,226448.4402,3349.027054,326285.2377
Lifting_Off_s000,19.5387,1.82643,19.1667,3.0738,61057.825,15201.96134,0,97025,1443.56,575.54,0.00,1745.29,148122.0003,3265.13778,290077.795
Lifting_Off_s001,30.8039,6.71848,23.375,7.082,84341.63333,130540.6191,55746,1238792,2060.33,77.8,1737.21,2193.45,136307.9949,3234.564437,253135.5785
Lifting_Off_s002,38.6931,13.0237,25.175,16.6447,358765.4583,387275.2177,54199,3606412,1846.14,261.18,1433.84,2184.27,122991.9256,3160.048953,206252.3314
Lifting_Off_s004,21.8496,9.92483,20.4917,14.2917,182448.1833,192500.7016,46667,1980025,1411.47,499.09,618.89,1834.93,129923.1379,3202.499725,222956.6514
Lifting_Off_s005,25.96,5.53667,28.675,6.8023,161646.0167,185573.7989,132896,2184982,1835.48,16.35,1802.03,1874.81,128084.0535,3186.126758,222313.945
Lifting_Off_s006,20.8657,2.52257,12.5833,3.4426,61285.54167,224610.6837,24114,2414653,846.36,302.36,723.60,1848.25,157678.8501,3307.932816,307587.1799
Lifting_Off_s007,23.4742,3.07116,15.125,3.5599,65787.68333,203560.1239,23942,2127026,963.57,366.33,734.69,1562.06,153818.077,3300.377203,302913.815
Lifting_Off_s008,32.3432,4.19967,26,3.9307,98643.99167,199660.0862,74217,2276289,1550.03,16.2,1522.26,1570.77,139378.7327,3253.520539,271680.6078
Lifting_Off_s009,32.4458,3.99553,26,3.8035,100535.9917,199803.5546,76199,2279582,1513.22,7.79,1500.64,1532.37,139736.6065,3255.424093,272230.5871
Lifting_Off_s010,33.247,4.59402,26.3167,5.006,136387.2917,283192.4295,79749,2340398,1518.68,75.27,1466.65,1692.19,135926.5409,3242.445319,257338.511
Lifting_Off_s011,36.0369,4.4939,28,4.3712,137173.6917,253421.1183,99849,2900206,1718.93,11.43,1690.89,1734.06,131275.9076,3236.654617,245662.0341
Lifting_Off_s012,35.6438,4.5248,27.7833,4.4627,139339.4833,251767.9376,101012,2883652,1738.97,7.89,1724.32,1755.08,132030.3611,3241.79995,247102.1415
Lifting_Off_s013,34.1483,5.40483,27.0417,5.9624,146157.8667,290669.7707,59482,2836584,1789.56,19.25,1750.25,1825.45,133090.6069,3238.299541,251378.4728
Lifting_Off_s014,30.6982,4.7662,24.4083,4.4804,86791.78333,182357.1233,53443,2074070,1813.99,18.54,1787.09,1848.21,141057.694,3251.636515,282672.4279
Lifting_Off_s015,30.6672,3.74813,24,3.8131,83984.91667,178049.7549,50471,2023230,1792.9,14.94,1769.29,1812.47,142794.8101,3258.565233,287713.3789
Lifting_Off_s016,19.1261,8.42741,16.2167,8.4883,72558.31667,197366.4221,44327,2105904,1683.98,117.55,1465.01,1908.26,146039.9876,3273.416427,284660.2641
Lifting_Off_s017,15.2261,12.0567,13.4167,11.294,53630.1,61373.79285,43100,722306,1447.41,100.45,1308.18,1626.28,146830.8227,3274.797258,286296.8347
Lifting_Off_s018,12.9172,9.0212,11.2917,8.6111,46344.43333,54555.15263,34998,637648,1057.67,137.07,918.55,1416.06,150227.1765,3284.370034,288567.5787
Lifting_Off_s019,14.386,7.27792,12.1083,7.1018,44740.00833,42618.19309,37244,507504,1031.49,71.47,912.88,1286.15,150131.1719,3285.378968,288409.2736
Lifting_Off_s020,16.7244,4.86007,14.3833,5.3773,51878.14167,100931.0785,33256,1005233,1171.08,311.84,880.99,1635.05,150912.4798,3287.374138,292568.7871
Lifting_Off_s021,21.2728,1.92401,17.4417,2.4558,51489.64167,93461.04824,38184,1069693,1643.52,6.12,1634.88,1653.31,151122.2958,3286.664728,297892.363
Lifting_Off_s022,21.5212,1.83087,17.3583,2.401,49948.95,89595.50044,38776,1026466,1647.57,5.43,1633.80,1655.43,150341.2504,3284.089505,295302.1903
Lifting_Off_s023,21.678,1.73213,16.8333,2.6367,50050.81667,99274.42976,16471,1129418,1569.97,74.01,1385.93,1633.43,147160.2584,3274.367886,283188.481
Lifting_Off_s024,22.8398,1.88661,17,2.4286,48527.95833,98430.18394,38184,1122238,1634.32,17.87,1604.79,1663.24,151286.6661,3290.542668,297166.0806
Lifting_Off_s025,22.7108,2.32463,17,2.72,49339.74167,96091.52793,38021,1097478,1677.87,8.73,1663.24,1691.21,151131.526,3289.708582,297303.9611
Lifting_Off_s026,24.2094,3.06298,18.3,3.8933,71103.65,188532.1714,39982,1831254,1770.08,162.79,1690.71,2163.49,148040.2545,3281.110679,290221.9429
Lifting_Off_s027,31.184,2.50199,25,3.4711,83351.58333,175169.5472,60136,1992810,2123.61,8.62,2110.59,2145.86,145295.5901,3272.082223,294159.2873
Lifting_Off_s028,31.2876,2.42533,25,3.2455,80811.50833,172856.1012,59442,1965608,2104.27,4.47,2098.70,2114.48,145399.4024,3272.41145,294519.0497
Lifting_Off_s029,31.1265,2.32327,25,3.1971,81585.29167,172490.1632,59992,1962461,2101.67,5.25,2091.89,2115.33,145792.7165,3273.987681,295357.8573
Lifting_Off_s030,31.1761,2.57501,25,3.4437,81625.7,173363.9911,61706,1972621,2110.1,4.79,2102.58,2119.04,145981.2515,3274.833898,295876.2307
Lifting_Off_s031,33.9321,3.75323,30.1,6.3421,156950.2,264343.9271,63696,2354194,2305.98,165.12,2107.91,2462.61,135022.3532,3226.349293,271415.7372
Lifting_Off_s032,35.9333,3.904,34,6.6343,186595.1583,238841.8656,160308,2791986,2428.9,9.23,2408.60,2442.85,131119.5428,3199.600975,264878.5284
Lifting_Off_s033,35.8075,4.19218,34,6.7375,186216.9333,236125.8122,160519,2761744,2466.64,37.11,2416.58,2514.2,132208.9797,3205.240421,269880.7241
Lifting_Off_s034,29.7636,3.59893,28.4917,5.7994,163436.85,259497.3909,107645,2764382,1639.88,611.73,1222.51,2539.65,137297.6581,3211.144315,282779.5413
Lifting_Off_s035,27.0755,2.73007,26,4.0618,122262.6167,117332.9682,108510,1401565,1229.38,2.15,1226.04,1233.5,141045.9829,3218.911969,293791.7572
Lifting_Off_s036,27.0598,2.48981,26,3.9917,123791.55,118419.4977,108502,1415137,1248.58,10.17,1233.49,1269.92,141166.4621,3219.351009,294394.8919
Nature_in_the_city_s000,25.9521,1.95231,18.075,2.9412,57771.475,16819.42315,0,89265,2736.37,1090.06,0.00,3312.28,150847.0939,3291.263234,273570.6828
Nature_in_the_city_s001,33.774,3.42572,21.2833,4.0965,99680.35,137355.684,67944,1596426,2911.91,106.15,2609.11,2962.67,138913.2571,3247.973414,237765.188
Nature_in_the_city_s002,22.7618,1.34116,12.0083,1.8149,42106.66667,227629.9212,2431,2506778,1813.78,397.1,1617.35,2962.38,160456.1402,3315.221755,291299.5697
Nature_in_the_city_s003,29.8294,2.6018,24.2833,3.4556,26273.75833,91877.55448,2578,1024556,2333.88,501.2,1543.63,2726.05,151863.7115,3287.737995,291591.4259
Nature_in_the_city_s004,25.6684,2.34634,19.9583,3.2099,41757.275,238437.2517,7706,2641093,1807.42,757.93,1063.06,2732.67,157048.8662,3307.12843,298516.8873
Nature_in_the_city_s005,21.6139,1.37068,16.4917,2.1166,20579.54167,76899.57003,300,854369,1429.8,403.38,1061.44,2001.84,159826.477,3312.49963,297816.0594
Nature_in_the_city_s006,27.289,1.53573,27.1583,2.9026,42973.875,177431.5382,3820,1936983,1869.58,231.35,1337.45,1997.77,147945.155,3279.850236,285001.1461
Nature_in_the_city_s007,38.3355,5.99068,51.5417,6.9045,158832.625,357539.0537,38126,4029703,1571.13,25.37,1535.96,1610.38,136049.1884,3241.487516,274973.0145
Nature_in_the_city_s008,38.2226,7.39414,51.6083,7.8307,143812.7083,382700.0443,41279,4298169,1583.72,12.22,1553.14,1606.24,134381.3051,3230.486018,271445.8386
Nature_in_the_city_s009,30.8296,2.88716,34.9917,4.819,89644.65,379446.4666,3149,4171412,1500.29,128.93,1168.18,1571.64,138579.6987,3227.348823,262613.0054
Nature_in_the_city_s010,27.0527,1.56176,31.0667,2.5109,35597.95,206949.0242,4061,2291336,1222.98,218.2,993.93,1567.28,143716.7805,3245.767517,266691.6656
Nature_in_the_city_s011,26.9718,1.98457,32.725,1.9954,33317.08333,168027.8405,6984,1864101,1099.06,7.64,1071.14,1114.49,150540.2279,3287.170166,289361.2013
Nature_in_the_city_s012,36.3271,1.28152,34.3167,2.3258,28472.18333,135261.294,3933,1500449,2242.78,362.48,1105.75,2398.14,143718.6883,3248.73373,280052.6631
Nature_in_the_city_s013,38.0859,1.07422,35.125,1.4021,38816.95,278162.7338,5117,3072737,2394.85,0.77,2393.35,2396.58,155493.2665,3303.258556,309310.6416
Nature_in_the_city_s014,31.061,2.80503,34.35,3.5943,56543.78333,275722.3467,6283,3061270,1489.66,445.83,1201.13,2395.28,137513.1324,3208.238622,246165.424
Nature_in_the_city_s015,30.1722,3.60017,35.9583,3.0798,52653.13333,196598.9884,22270,2195803,1246.53,8.64,1229.97,1257.11,143144.0993,3257.351293,270327.0999
Nature_in_the_city_s016,27.0043,2.2371,22.7833,3.1538,42608.35833,199318.0045,5178,2210557,1607.04,373.9,1240.57,2053.33,149388.439,3285.919535,273986.234
Nature_in_the_city_s017,25.3925,0.672711,10,1.223,17947.56667,127453.7116,3899,1408258,2051.27,1.08,2048.83,2053.65,175720.2404,3337.618702,313770.7915
Nature_in_the_city_s018,26.1805,1.3909,12.0333,2.2232,32342.51667,128093.6158,2585,1404562,2362.33,578.74,2041.41,3697.03,161540.9982,3320.506434,295986.2244
Nature_in_the_city_s019,31.1174,3.71549,20,4.3615,85052.725,180584.0328,54743,2054010,3704.64,4.34,3695.68,3711.63,144039.2807,3269.079978,259854.4395
Nature_in_the_city_s020,30.8842,3.98997,20.2917,5.1342,80721.60833,180006.565,55174,2043368,3647.18,220.02,2629.74,3716.37,142725.8435,3261.800794,256374.9178
Nature_in_the_city_s021,39.8664,3.11726,33.9333,3.6436,94574.73333,147982.4638,63816,1706634,2586.2,60.4,2379.60,2610.74,135605.0723,3219.674985,251192.4318
Nature_in_the_city_s022,37.4232,2.34763,36.575,4.2154,104645.125,298475.7627,38858,3357078,2178.23,320.92,1731.17,2610.8,137299.074,3223.57257,256763.3701
Nature_in_the_city_s023,27.9438,2.77956,24.6,3.8516,80626.225,305319.1594,6451,3387806,1711.36,263.1,1287.32,2004.23,153193.2032,3300.790021,294684.4718
Nature_in_the_city_s024,18.6976,3.70934,7,2.3576,15051.53333,69286.92882,5409,770793,1528.41,1.73,1524.82,1532.21,176889.585,3336.279701,319222.8907
Nature_in_the_city_s025,18.7954,2.81758,7.3333,2.1012,16489.45,67927.44462,6477,756882,1548.17,124.42,1341.58,1835.79,172014.9782,3332.239583,312066.4537
Nature_in_the_city_s026,19.6642,1.20039,8.35,1.3477,17360.98333,86300.45188,4618,958277,1823.05,21.11,1777.04,1839.38,171349.9204,3331.016064,310063.2833
Nature_in_the_city_s027,21.5934,2.49432,9.8083,2.2485,20238.40833,78643.12895,6712,876970,1780.46,59.82,1746.93,2136.43,168797.8082,3328.977674,309916.3861
Nature_in_the_city_s028,28.0086,2.31472,13.825,2.2906,28942.55833,105748.146,14826,1182188,2998.02,161.36,2200.75,3045.61,160978.0385,3317.436152,297754.06
Secounds_That_Count_s000,20.5912,9.98341,12.0417,10.4909,72389.24167,117156.8929,0,1296436,1304.03,1062.98,0.00,2773.79,206556.9282,4531.341904,400532.6245
Secounds_That_Count_s001,31.2479,16.8626,19.8667,17.8502,123288.5583,267251.4475,36461,2807671,1821.43,792.2,1081.42,2806.88,192591.1268,4412.809132,385185.8191
Secounds_That_Count_s005,21.1286,0.985685,12.2167,1.9895,19056.14167,14107.60747,0,56129,513.92,248.63,0.62,704.38,223137.0005,4543.43324,438265.7314
Secounds_That_Count_s006,23.4683,6.59339,15.5167,6.1009,73813.09167,245041.6666,0,2208304,2110.34,961.98,698.78,3352.49,204676.116,4403.39011,381101.6384
Secounds_That_Count_s007,33.423,10.1338,19.575,8.649,94753.51667,234987.9504,33713,2523117,1846.28,133.48,1180.26,1985.13,208160.0485,4507.729141,420273.8985
Secounds_That_Count_s008,8.24291,17.5645,7.4083,9.8029,47691.4,70537.74339,19406,738673,1418.71,417.13,973.31,2282.84,197516.1963,4349.498923,380669.7453
Secounds_That_Count_s009,29.7134,10.822,18.975,9.0986,103093.775,265489.3902,19989,2964843,1795.17,423.13,956.26,2210.35,197724.023,4424.374272,385385.7553
Secounds_That_Count_s010,11.2007,10.2903,10.725,8.4739,58414.225,47497.41905,24250,449617,1402.12,220.37,1052.36,1743.7,195085.8007,4430.355748,312848.2246
Secounds_That_Count_s011,8.55697,9.80741,7.725,6.2054,53446.4,235013.9863,13731,357371,1665.72,363.11,1232.72,2456.34,210027.9857,4507.638832,384271.6471
Secounds_That_Count_s012,35.6261,6.76253,22.3583,5.4253,77840.55833,246782.4498,33595,377476,1683.9,72.74,1601.79,1805.63,201620.7762,4418.192771,404530.8299
Secounds_That_Count_s013,26.4683,8.84883,17.9917,8.3195,99608.36667,333082.1895,28024,380165,1681.42,75.52,1618.15,2054.27,202432.484,4535.518229,382514.6257
Secounds_That_Count_s014,38.4085,4.30292,23.825,3.6565,64301.45833,277438.5599,32026,378842,1978.6,32.26,1949.23,2050.4,204088.6913,4350.651338,408754.3761
Secounds_That_Count_s015,17.391,10.5673,12.0417,9.0049,69507.575,274389.4847,27471,377363,1669.72,238.37,914.93,1961.71,199662.9584,4410.578703,366927.7101
Secounds_That_Count_s016,21.3905,11.2446,13.7167,10.1324,76075.01667,260082.5507,32125,359211,1840.81,207.69,1488.86,2250.22,200565.8273,4436.951809,384280.8419
Secounds_That_Count_s017,26.0033,9.04463,16.4667,7.8825,65171.69167,278404.6556,19560,378980,1595.38,584.01,692.46,2332.18,208640.9897,4505.205614,407644.7955
Secounds_That_Count_s018,29.5575,9.38748,18.325,8.6048,81234.175,269915.4453,38171,358348,2110.86,178.84,1931.34,2383.2,200100.3484,4381.185736,398817.2994
Secounds_That_Count_s019,33.6674,9.57162,21.025,8.3367,89889.65833,248773.4379,42526,372776,1901.58,31.3,1843.71,1948.93,201929.7113,4426.219565,407628.8888
Secounds_That_Count_s020,46.0494,6.44977,20.2583,6.8741,74843.225,226916.4152,1033,368122,2350.8,1290.36,0.62,3540.38,211938.6972,4488.977318,420101.6054
Secounds_That_Count_s021,64.2775,3.70088,26.0917,4.5543,68820.08333,550286.571,9489,262662,3569.76,70.69,3429.97,3674.1,217962.9682,4448.851337,431501.9535
Secounds_That_Count_s022,25.2539,21.3784,33.525,30.2458,149768.8417,388471.3953,0,4323187,966.72,711.19,0.62,3412.02,179849.342,4438.019419,383954.8304
Secounds_That_Count_s023,23.2924,14.6111,25.175,18.1459,124904.2833,493579.8695,37941,5351299,1962,271.91,1342.58,2246.54,186006.8186,4227.004599,391483.5028
Secounds_That_Count_s024,29.3127,9.71878,22.275,9.5017,101132.5667,238098.9786,38157,2427600,1472.66,343.92,1176.99,2235.31,196878.1013,4455.693371,392892.0684
Secounds_That_Count_s025,24.6734,9.03921,25.35,8.2503,89675.88333,220041.4396,47257,2272794,1946.25,139.7,1818.99,2211.39,189529.401,4311.576048,374026.5169
Secounds_That_Count_s026,25.1741,6.82687,24.1917,7.8499,92166.56667,254949.6588,42709,2410458,2899.7,768.24,1347.68,3354.13,195434.9547,4331.969199,391079.583
Secounds_That_Count_s027,21.9355,13.1982,19.25,14.1877,92622.89167,183968.6813,41388,1637910,1749.58,545.04,1303.80,2608.62,202726.8713,4513.761941,404914.4789
Secounds_That_Count_s028,26.6105,7.85671,24.4167,6.7679,86007.25,200593.4414,43009,1791393,1490.39,75.63,1387.68,1617.8,200899.4402,4433.662167,391150.9386
Secounds_That_Count_s029,26.3724,14.323,23.4583,16.4449,158729.4417,263041.2883,29373,2129185,2396.48,649.81,1255.42,2923.53,182503.6615,4307.608946,347022.6854
Secounds_That_Count_s030,23.0066,9.43237,17.9833,10.3994,68077.2,189217.0949,27123,1860343,2712.08,165.18,2472.80,2882.05,212396.7084,4595.701693,422503.9441
Secounds_That_Count_s031,23.2876,9.61053,18.8667,10.3796,94178.625,249849.0773,31722,2127254,2408.17,198.88,2054.90,2634.46,202232.4284,4462.795001,396921.9621
Secounds_That_Count_s032,29.5572,5.26274,27,6.7344,83185.2,260125.1745,38639,2285031,1995.64,54.43,1925.05,2053.49,208817.8226,4504.80899,421198.3705
Secounds_That_Count_s033,40.8866,3.84343,22.7667,4.5987,67522.88333,192689.3521,1256,2025467,1739.84,820.48,0.62,2316.24,217619.966,4528.416796,428886.1017
Secounds_That_Count_s034,57.1463,2.85249,28.6167,3.1583,59381.725,436388.491,11416,4817746,2333.35,78.4,1772.45,2419.12,221498.9869,4441.305675,427920.3777
Secounds_That_Count_s037,29.8762,17.854,19.25,17.8945,143487.4333,448116.1213,0,4286159,1752.79,533.98,445.77,2387.26,199857.1297,4524.179264,408407.1179
Secounds_That_Count_s038,22.5449,19.3694,22.6083,22.1735,142259.4167,241875.2485,51174,2453372,1780.33,740.02,1036.92,2798.63,174292.5576,4234.228396,308706.628
Secounds_That_Count_s039,16.4718,11.1484,15.0167,12.5972,92931.48333,143272.2267,0,1459324,1103.57,552.62,516.57,1811.62,187104.4227,4354.715594,325597.9932
Secounds_That_Count_s040,31.6353,4.74375,26.125,5.7419,99363.18333,270842.8051,22400,2103398,1672.25,579.59,1139.91,2956.54,199544.0781,4314.757475,398840.1252
Secounds_That_Count_s041,46.429,9.21042,28.7,8.6496,80952.88333,355965.2838,26870,3962950,2881.77,58.48,2777.58,2942.84,210549.4086,4506.797339,441154.161
Secounds_That_Count_s042,18.2001,24.5733,13.825,20.2023,123859.1333,351432.7198,49799,3836802,1808.12,679.6,1029.98,2777.01,180703.2266,4207.593837,363794.5567
Secounds_That_Count_s043,18.2961,17.5063,16.95,17.6647,88692.99167,113171.8604,43938,1179286,1199.95,143.33,1022.74,1449.81,185124.5815,4230.09909,358223.1666
Secounds_That_Count_s044,25.8782,5.66694,25.0417,6.4728,66820.20833,106334.4597,29540,1091963,1065.61,67.38,959.67,1126.32,202979.3651,4376.909337,412714.0337
Secounds_That_Count_s045,30.2129,1.73685,26.9083,2.7872,49931.475,173254.4984,29641,1895747,1117.88,86.45,178.82,1126.74,214872.5295,4560.826582,436911.8934
Secounds_That_Count_s046,51.5999,5.29578,27.85,4.8033,82929.775,73429.19108,29470,483140,2479.04,1067.37,180.47,3105.13,207663.1666,4458.701847,418735.1763
Secounds_That_Count_s047,54.331,8.42481,26.6417,9.9641,110458.1833,451925.2566,27518,5031609,2784.67,1088.19,274.99,3490.13,187073.5212,4306.036514,374474.0356
Secounds_That_Count_s048,15.8021,1.58053,5.75,2.2596,15235.56667,41772.71953,0,455185,111.17,83.65,20.00,266.59,283017.6902,5294.96213,498329.9413
Secounds_That_Count_s051,22.4551,8.63602,20.3167,9.5937,106090.7083,184152.6935,45793,1893101,2088.57,379.01,1777.05,2613.38,197066.5241,4417.599214,376915.1669
Secounds_That_Count_s052,29.5846,4.54712,27.4333,5.3567,90825.61667,244727.791,37083,2188201,2334.42,442.7,1648.84,2634.61,203784.8679,4538.117685,404076.665
Secounds_That_Count_s053,27.3558,5.49762,28.0417,5.6031,82161.5,173798.0293,51582,1971874,1639.72,105.74,911.50,1695.11,193356.7516,4358.696959,382184.5575
Skateboarding_s000,13.8078,1.85865,16.6167,3.8477,53210.38333,50672.87593,0,589102,1290.61,344.61,0.00,1411.03,154568.7974,3286.714048,298882.4212
Skateboarding_s001,23.7943,2.57855,27.4083,5.3813,89040.85,134297.1552,42478,1242741,1603.27,152.4,1388.50,1723.66,146518.1027,3259.104931,291581.6216
Skateboarding_s002,20.0337,5.56816,27.2167,8.6641,166094.825,463020.3414,74657,4838996,1417.39,59.87,1188.96,1463.55,134430.5873,3183.314253,247729.0047
Skateboarding_s003,29.1664,13.755,58.7083,21.0775,497449.15,564799.577,44096,5831884,1417.54,437.62,1058.42,2116.84,118233.4952,3044.561991,242907.8671
Skateboarding_s004,20.5069,7.63693,21.7083,9.8101,97247.05,99022.15595,47704,1029596,1557.86,174.64,1173.00,1850.14,142146.5469,3246.723162,283532.2497
Skateboarding_s005,33.4288,6.03783,24.6417,8.7971,58269.65833,105613.3448,0,1128842,1206.55,608.74,0.62,1744.89,146280.5465,3280.173291,295037.669
Skateboarding_s006,61.5495,0.488305,52.6917,3.9537,99129.525,766970.2025,0,6660661,1480.38,854.73,844.32,2619.37,152446.4285,3306.773827,314361.3108
Skateboarding_s007,29.9499,20.7098,45.65,34.4861,354350.4167,647483.1964,0,6706848,2042.65,323.02,1685.72,2619.37,128734.2495,3124.99486,297156.6354
Skateboarding_s008,37.6022,20.1188,50.725,40.7165,463324,443006.2988,311641,4201370,2342.76,454.14,1726.23,3088.8,126651.9051,3103.56763,298300.2332
Skateboarding_s009,41.2446,8.31083,69.9583,16.1749,694513.725,382295.9454,631648,4852430,3029.1,39.01,2931.38,3078.34,123085.0089,3017.850645,284676.1953
Skateboarding_s010,30.9054,15.0169,66.7083,26.6945,1171716.658,848293.6061,371969,4667733,2270.94,530.11,1474.57,3349.34,115351.3711,2869.143253,203271.8089
Skateboarding_s011,20.5218,13.7679,42.9917,21.2156,548192.1667,451865.4901,201116,4567887,2033.9,1035.54,740.95,3342.38,124866.5158,2991.43895,251666.2041
Skateboarding_s012,23.2172,17.2376,49.7667,27.4375,665155.3167,235801.2847,379658,2797231,2699.61,623.75,2125.52,3876.09,122952.973,2940.906073,245708.1802
Skateboarding_s017,20.1461,3.24034,25.125,6.1963,101867.125,93031.83178,24616,1092197,1510.69,363.65,410.97,1661.39,149522.2244,3265.401087,302373.4068
Skateboarding_s018,20.9863,5.85177,26.9417,6.8102,123156.175,97134.90978,96431,1168013,1653.92,30.01,1559.71,1686.21,146550.2669,3249.046759,299581.6542
Skateboarding_s019,24.137,8.20577,37.9083,9.4291,207315.6,186512.85,98187,2030143,1087.51,424.06,735.43,1762,137843.9504,3207.276797,280682.8863
Skateboarding_s020,17.2611,13.668,24.375,15.4041,135373.6417,167261.5446,98260,1949715,1003.36,290.22,753.42,1806.54,139634.7965,3217.20175,277794.4688
Skateboarding_s021,27.6934,11.332,31.5167,14.935,177968.5833,303443.6161,92653,3338647,1712.37,646.73,984.99,2489.19,134493.1147,3212.095933,263723.6975
Skateboarding_s023,15.3987,7.64066,18.7667,9.1244,96352.00833,39925.01368,87144,530976,513.07,29.74,460.25,546.53,145911.4355,3250.800228,281745.4818
Skateboarding_s024,15.4045,13.4443,19.525,14.4294,121996.75,56650.01818,94848,664339,737.57,110.46,540.50,908.38,139279.445,3218.496518,258421.8348
Skateboarding_s025,15.4253,16.5367,21.0583,19.3658,203905.5333,82279.03317,122484,760776,764.16,82.95,627.22,868.52,127144.9588,3132.734063,195677.0122
Skateboarding_s026,16.9759,11.4088,20.4083,13.5073,123961.7,66787.55589,96714,690369,800.19,91.66,534.08,856.41,141464.0048,3226.991938,272099.818
Skateboarding_s027,16.3889,16.949,21.3833,17.966,180770.775,102892.7408,99772,695745,795.35,103.05,620.53,982.7,130013.1175,3159.372072,216868.9773
Skateboarding_s028,18.3588,14.6396,23.3,18.1733,211287.8833,122185.8077,108527,1102890,843.77,57.6,693.24,927.26,126194.1866,3123.039859,200842.0399
Skateboarding_s029,14.5026,13.6726,16.9417,15.9035,107280.3417,67875.03729,61602,801466,864.8,38.21,759.12,929.63,143432.6842,3245.950908,273405.3267
Skateboarding_s030,15.783,13.2406,19.9833,24.5714,224832.125,103284.4487,62711,973392,750.12,82.77,613.92,926.46,123664.7769,3075.360813,157871.9463
Skateboarding_s031,15.2301,17.3251,17.0583,24.8278,179990.325,55588.70487,84592,622951,893.4,240.61,605.38,1532.87,127202.4463,3135.35172,184681.3788
Skateboarding_s032,29.9021,9.7118,40.525,9.8392,132990.175,291957.7288,45588,3302913,1237.93,225.98,159.69,1632.74,138424.5858,3240.902142,285508.5708
Skateboarding_s033,35.3054,5.90683,48.3583,7.4626,141154.9167,327814.5268,74180,3378698,1273.13,80.25,1159.17,1410.21,139239.0032,3252.081403,291131.177
Skateboarding_s034,26.4924,10.1318,34.4,8.7416,113098.1,161058.0889,75527,1852873,1401.1,64.34,1250.26,1545.54,142186.2244,3250.758476,291641.7338
Skateboarding_s035,26.7125,8.07174,34.1333,7.5874,110640.9083,155237.8309,74037,1796299,1448.02,42.76,1393.18,1526.19,142412.614,3252.63637,288527.5326
Skateboarding_s036,23.8085,10.8199,32.075,9.8191,112077.525,137751.7054,73245,1424111,1394.85,100.65,1266.41,1583.91,139744.2964,3231.376854,279722.5793
Skateboarding_s037,17.4086,8.69949,27.0167,7.5128,107689.25,78338.30886,96447,961477,1312.9,77.77,1145.68,1618.26,145618.5934,3252.891449,289132.2414
Skateboarding_s038,21.7402,4.99518,32.2667,6.7825,133383.5417,169779.5191,85382,1746187,1255.89,196.55,995.99,1449.98,143750.2305,3252.089109,284654.4849
Skateboarding_s039,29.2786,3.28407,40.7333,4.7371,137187.7667,177570.9339,65702,2042762,1025.48,6.06,1009.11,1034.48,144257.41,3271.058298,298804.3541
Skateboarding_s040,27.1908,11.0228,35.5083,9.7866,151401.15,181385.9385,81997,2105081,1336.24,264.19,1024.53,1859.06,140729.0968,3248.286301,285689.0027
Skateboarding_s041,30.5019,9.02479,40.575,10.4666,164437.725,299342.6182,87882,3101749,1430.68,421.14,1030.56,2141.2,136440.9809,3222.646296,272930.2095
Skateboarding_s042,37.405,9.34164,51.8083,7.6232,151785.15,312219.7517,101151,3555483,1301.7,76.96,1161.98,1432.65,139364.0945,3255.215941,296840.6078
Skateboarding_s043,39.7549,6.2347,52.05,12.8775,338505.875,418957.2598,38153,3530055,2211.75,397.41,1178.88,3501.06,131980.1041,3217.499953,270799.5523
Skateboarding_s044,15.603,4.98653,10.7417,4.0654,56375.95,71163.25078,29617,764755,1557.14,652.45,842.81,3024.88,157288.9842,3300.781672,313403.4147
Skateboarding_s045,13.0443,2.90279,9.6083,2.8512,37299.33333,29679.81683,28077,342647,802.5,82.52,585.85,942.98,160490.6692,3306.608531,319599.3644
Skateboarding_s046,12.7346,5.52944,9.0833,3.8176,42956.925,30922.70913,27094,339275,543.65,63.91,387.71,655.84,160492.3318,3306.997765,321176.0726
Skateboarding_s047,12.2406,2.66583,7.95,2.8132,31671.94167,23932.72171,17307,275560,343.09,71.83,129.24,437.43,161920.9329,3309.844015,321702.2963
Skateboarding_s048,12.2245,2.53011,6.95,3.1726,27436.38333,20135.93598,19515,234629,117.52,10.95,81.58,133.33,164246.7367,3312.714642,324815.032
Skateboarding_s049,13.3513,1.56438,7.1083,3.8022,20222.06667,22343.96105,99,250142,99.54,71.23,0.62,463.35,168561.0079,3322.601207,323845.7202
Unspoken_Friend_s000,17.3257,5.42704,15.0167,4.7488,66898.96667,133088.7756,0,1478097,1388.3,808.47,0.00,2007.16,151018.4571,3290.687869,292107.1662
Unspoken_Friend_s001,29.3999,10.3071,22.7417,13.0563,161369.45,151832.1636,101846,1786425,1577.05,8.79,1551.82,1598.76,133160.4093,3220.092723,251408.5008
Unspoken_Friend_s002,37.8532,6.50899,41.0083,7.6308,157138.4083,315729.6972,94405,3186300,1797.5,69.7,1575.16,1889.7,140711.3594,3256.406465,294200.6159
Unspoken_Friend_s003,15.5153,18.5635,20.6333,16.7679,181506.5,330061.1562,118405,3747258,1013,390,471.64,1787.29,129705.6656,3146.072386,215020.5576
Unspoken_Friend_s004,26.0357,8.79532,21.5,8.2175,72449.93333,63239.04337,27993,456301,723.11,53.23,611.77,847.12,139845.3882,3240.266253,267511.7384
Unspoken_Friend_s005,29.5405,2.09348,22.4833,3.5125,59524.53333,242876.9668,27005,2604727,1340.57,487.63,693.03,1725.22,155242.5306,3296.529709,313523.6582
Unspoken_Friend_s006,23.2204,8.91898,23.2667,9.678,91582.85,157407.6192,22871,1452182,2925.82,965.2,975.26,3625.58,137693.3302,3228.15977,269150.1824
Unspoken_Friend_s007,17.6576,9.76889,17.425,9.2974,65642.41667,102719.6159,22756,904054,2606.27,1502.57,979.95,4220.08,148913.3001,3272.931089,303211.8405
Unspoken_Friend_s008,21.9041,20.271,30.55,20.7741,215539.2333,143700.8458,67576,1220759,2393.02,989.86,1456.13,4214.78,119806.4587,3051.607373,204396.2251
Unspoken_Friend_s009,19.6643,13.3093,27.1667,14.7556,184367.6667,278575.5326,51917,2739459,1940.25,70.37,1812.30,2094.53,127890.5279,3143.593748,211836.3941
Unspoken_Friend_s010,16.2983,10.844,21.65,10.0023,90441.925,86855.41028,45030,912431,1757.54,158.41,915.90,1834.27,137988.0335,3216.524867,241803.2384
Unspoken_Friend_s011,14.7277,9.19668,12.1,7.0045,59207.68333,46468.14612,39462,557631,1061.92,76.39,939.03,1291.76,149130.6872,3281.96039,278480.5055
Unspoken_Friend_s012,15.6383,8.91383,12.0833,6.6933,55818.925,47655.3291,37005,570312,996.58,64.71,904.56,1120.73,152972.5552,3295.300989,295470.8815
Unspoken_Friend_s014,13.9288,14.5436,14.1,11.5422,76616.29167,74999.80002,54273,820051,2614.57,227.56,2069.52,2967.29,142436.4494,3250.196557,262941.5752
Unspoken_Friend_s015,22.6906,16.6077,18.0667,16.9429,100217.675,119527.8478,76940,1402588,2107.87,241.49,1643.51,2423.8,140284.3839,3242.686029,282771.5718
Unspoken_Friend_s016,21.3734,14.2445,15.325,14.2759,89484.26667,92023.8147,70838,1090998,2079.02,46.42,2000.36,2212.69,144590.8193,3265.420654,287558.8618
Unspoken_Friend_s017,24.2724,13.9671,19.2083,14.8785,93352.99167,111538.8109,72666,1306264,2054.69,23.09,1995.78,2091.53,142960.7543,3255.135026,285989.6048
Unspoken_Friend_s018,27.4293,12.0047,28.6917,12.804,127396.5,187853.6998,45235,1767054,2093.67,41.98,2007.45,2147.23,138459.8742,3229.811084,280024.7431
Unspoken_Friend_s019,27.2009,8.09066,24.0417,9.2388,96033.825,206698.9058,49233,1708600,2072.39,23.94,2038.28,2108.46,144620.2706,3266.854808,291924.0646
Unspoken_Friend_s020,26.7896,12.9806,28.6583,14.4536,120941.825,169224.8624,76152,1956077,2145.42,55.28,2058.48,2218.16,138211.9731,3228.46574,286534.2782
Unspoken_Friend_s021,21.503,17.1422,17.5917,17.1653,106854.375,152346.9458,81839,1767534,2409.07,206.18,2113.47,2756.49,138731.3404,3235.820913,277794.3938
Unspoken_Friend_s022,17.0599,20.4791,13.8417,17.1285,89622,70671.76135,62205,844619,2142.55,343.87,1648.49,2678.55,138590.7423,3236.129667,270946.7625
Unspoken_Friend_s023,16.6163,15.4936,12.3417,13.0991,78858.825,81726.70149,44130,947964,1346.68,244.87,1018.10,1820.24,142328.4879,3250.19166,275697.6833
Unspoken_Friend_s024,13.9089,14.5208,13.075,10.8202,83728.54167,88330.14551,39870,795234,1743.5,241.81,1335.14,2255.08,141587.153,3243.693217,247927.7892
Unspoken_Friend_s025,17.6439,16.8228,19.65,19.8243,140172.7417,157769.4723,38866,1677869,1583.99,193.51,1275.08,1897.84,133310.3719,3193.593996,237750.421
Unspoken_Friend_s026,16.7474,7.28581,16.3333,9.4101,121796.5167,316158.7555,27911,2737742,1011.07,224.92,870.73,1686.11,142624.1,3256.322646,261522.3165
Unspoken_Friend_s027,22.4081,18.4538,21.6,17.8166,125286.8,145898.9265,96278,1714752,1257.09,45.95,1158.34,1346.8,132959.9248,3183.216864,265033.1454
Unspoken_Friend_s028,25.0333,20.291,21.325,18.5094,122775.0333,131437.5727,91197,1550487,1546.47,152.11,1251.13,1739.36,133866.7759,3193.375811,276975.5053
Unspoken_Friend_s029,25.0556,21.212,21.1667,19.8786,123437.25,170152.3144,87474,1975272,1707.96,65.97,1596.60,1825.67,134088.9102,3198.867995,275012.1161
Unspoken_Friend_s030,23.2558,18.6778,27.8833,18.6048,154448.2833,187797.8901,84836,1578518,1201.03,183.01,982.01,1595.44,130339.4799,3178.949782,253702.3561
Unspoken_Friend_s031,26.6405,15.1442,42.1833,16.4174,208644.175,227602.4762,132599,2664557,1225.72,38.78,1103.67,1309.06,127747.3055,3159.89314,255012.8011
Unspoken_Friend_s032,21.1696,19.6975,30.825,20.6938,174064.0667,192863.931,106088,2240511,1317.16,117.15,1157.30,1711.26,124004.1933,3113.584193,211691.2823
Unspoken_Friend_s033,18.6653,19.8849,25.1417,19.4826,191910.5583,310389.6655,119805,3559026,1686.17,172.01,1377.19,2029.9,123302.1966,3115.833546,191631.5914
Unspoken_Friend_s034,11.6923,17.0087,13.9083,9.7378,83425.83333,101292.4887,36428,1123733,1663.66,818.66,614.96,2918.05,136228.8784,3216.498639,233944.2721
Unspoken_Friend_s035,16.5988,10.8075,16.975,9.2431,66636.23333,93109.15448,47632,1080915,869.66,151.9,654.05,1100.48,146179.0567,3263.30312,285976.2833
Unspoken_Friend_s036,16.9863,10.7466,16.5,9.1173,65623.49167,72096.34575,49467,850739,927.57,117.5,759.38,1102.32,146450.3195,3263.578168,286972.8434
Unspoken_Friend_s037,20.0439,12.1226,22.7333,9.8105,86559.75,147980.3736,51853,1341358,1350.62,457.69,734.18,1738.44,140754.9543,3240.227848,276883.7473
Unspoken_Friend_s038,19.8445,9.08064,19.2417,8.4217,82649.33333,135955.8902,0,1439323,1898.41,91.4,1741.25,2046.33,141426.663,3242.735394,270422.8974
Unspoken_Friend_s039,24.8792,8.58349,26.4083,8.4125,116304.7667,138541.834,0,1464492,1075.02,363.08,890.94,1824.17,130552.0116,3174.006678,239930.8261
Unspoken_Friend_s040,27.6417,10.0107,30.85,9.6294,140770.9,173453.5862,104780,1793078,894.67,25.31,882.03,972.1,125246.512,3121.038712,223423.1727
Unspoken_Friend_s041,20.7216,9.97548,22.7083,7.9688,119549.5333,101957.7796,98435,1230248,952.09,10.74,929.41,970.28,130602.0088,3149.026537,232595.2815
Unspoken_Friend_s042,20.8812,10.1677,23.0417,8.0255,124210.775,101482.4517,105223,1230193,928.84,9.67,911.50,948.86,130003.3346,3142.864882,231545.3039
Unspoken_Friend_s043,21.0063,10.2661,23.3583,7.9843,126756.5417,93549.78148,109663,1146472,909.49,6.93,894.49,923.42,129907.824,3141.867266,231930.9129
Unspoken_Friend_s044,24.7532,13.0482,27.2083,14.7701,310980.2833,143428.6748,116723,1445683,1047.77,33.12,904.13,1116.76,124753.5302,3130.170477,200097.4411
Unspoken_Friend_s045,28.8504,3.04809,16.3917,5.5041,64096.86667,155528.4344,0,1375904,434.3,511.26,0.62,1367.57,148539.894,3318.70082,293354.6681